id,video_date,score,name
1,2014,11,The Low End Theory
2,2021,11,Journey in Satchidananda
3,2018,11,Selected Ambient Works 85–92
4,2026,11,Black Sabbath
5,2023,11,E. 1999 Eternal
6,2019,11,Untrue
7,2019,11,The Cold Vein
8,2017,11,Trout Mask Replica
9,2020,11,Hell Hath No Fury
10,2022,11,Heaven or Las Vegas
11,2020,11,Jane Doe
12,2026,11,None So Vile
13,2026,11,Voodoo
14,2016,11,The Rise and Fall of Ziggy Stardust and the Spiders From Mars
15,2013,11,Plastic Surgery Disasters
16,2016,11,Endtroducing.....
17,2023,11,Jolene
18,2024,11,Earth 2: Special Low Frequency Version
19,2022,11,Elliott Smith
20,2017,11,In the Nightside Eclipse
21,2024,11,When the Pawn...
22,2014,11,Repeater
23,2024,11,Maggot Brain
24,2024,11,Demon Days
25,2024,11,Head Hunters
26,2015,11,The Number of the Beast
27,2020,11,The Velvet Rope
28,2025,11,Ys
29,2013,11,At Folsom Prison
30,2024,11,Blue
31,2014,11,Unknown Pleasures
32,2026,11,†
33,2013,11,In the Court of the Crimson King
34,2014,11,Trans Europe Express
35,2021,11,Arular
36,2026,11,Ray of Light
37,2025,11,Mezzanine
38,2018,11,Thriller
39,2025,11,The Infamous
40,2025,11,Altars of Madness
41,2013,11,Loveless
42,2020,11,The Black Parade
43,2015,11,Straight Outta Compton
44,2016,11,Illmatic
45,2014,11,Pastel Blues
46,2021,11,The Downward Spiral
47,2016,11,In Utero
48,2026,11,Os Mutantes
49,2017,11,ATLiens
50,2016,11,Horses
51,2026,11,RAM
52,2021,11,Dummy
53,2025,11,Frizzle Fry
54,2016,11,Kid A
55,2015,11,I Talk With the Spirits
56,2023,11,Diamond Life
57,2019,11,The Woods
58,2015,11,Spiderland
59,2022,11,Songs in the Key of Life
60,2024,11,Soundtracks for the Blind
61,2020,11,Laughing Stock
62,2015,11,Phaedra
63,2023,11,Since I Left You
64,2025,11,Sunflower
65,2022,11,Electric Ladyland
66,2025,11,69 Love Songs
67,2016,11,the Glow pt. 2
68,2019,11,Give Up
69,2021,11,Things Fall Apart
70,2023,11,The Queen Is Dead
71,2013,11,The Velvet Underground & Nico
72,2025,11,Who’s Next
73,2024,11,Lincoln
74,2017,11,Rain Dogs
75,2024,11,Flockaveli
76,2018,11,Chocolate and Cheese
77,2022,11,Solid State Survivor
78,2016,11,Close to the Edge
79,2022,10,Vespertine
80,2015,10,Highway 61 Revisited
81,2022,10,The Black Saint and the Sinner Lady
82,2024,10,BRAT
83,2025,10,Let God Sort Em Out
84,2018,10,Discovery
85,2018,10,You Won’t Get What You Want
86,2012,10,The Money Store
87,2022,10,Violator
88,2011,10,Hot Rats
89,2011,10,Lift Yr. Skinny Fists Like Antennas to Heaven!
90,2015,10,Hounds of Love
91,2015,10,To Pimp a Butterfly
92,2018,10,KIDS SEE GHOSTS
93,2018,10,The Miseducation of Lauryn Hill
94,2022,10,Physical Graffiti
95,2021,10,Sinner Get Ready
96,2012,10,Madvillainy
97,2022,10,What’s Going On
98,2022,10,Master of Puppets
99,2013,10,Bitches Brew
100,2012,10,In the Aeroplane Over the Sea
101,2022,10,Nina Simone Sings the Blues
102,2022,10,Nevermind
103,2014,10,Purple Rain
104,2022,10,It Takes a Nation of Millions to Hold Us Back
105,2021,10,The Turning Wheel
106,2014,10,To Be Kind
107,2019,10,Toxicity
108,2017,10,Remain in Light
109,2022,10,Marquee Moon
110,2024,10,Abbey Road
111,2022,10,London Calling
112,2011,10,Enter the Wu‐Tang (36 Chambers)
113,2016,9,We Got It From Here… Thank You 4 Your Service
114,2018,9,2012–2017
115,2013,9,Teethed Glory & Injury
116,2023,9,Fountain Baby
117,2021,9,KicK iii
118,2014,9,pom pom
119,2023,9,We Buy Diabetic Test Strips
120,2022,9,Hostile Architecture
121,2025,9,Only Dust Remains
122,2012,9,BBNG2
123,2011,9,Gloss Drop
124,2011,9,"Hot Sauce Committee, Part Two"
125,2014,9,The Satanist
126,2024,9,Lives Outgrown
127,2017,9,4eva Is a Mighty Long Time
128,2011,9,Return of 4Eva
129,2022,9,Dragon New Warm Mountain I Believe in You
130,2026,9,My Days of 58
131,2022,9,Ants From Up There
132,2020,9,Peaceful as Hell
133,2022,9,Hellfire
134,2020,9,Miles: From an Interlude Called Life
135,2017,9,SATURATION
136,2026,9,My Ghosts Go Ghost
137,2019,9,Charli
138,2024,9,She Reaches Out to She Reaches Out to She
139,2010,9,Business Casual
140,2024,9,Maze Envy
141,2020,9,Visions of Bodies Being Burned
142,2014,9,CLPPNG
143,2022,9,God Don’t Make Mistakes
144,2016,9,Atrocity Exhibition
145,2016,9,★ [Blackstar]
146,2018,9,Year of the Snitch
147,2016,9,Bottomless Pit
148,2015,9,The Powers That B
149,2011,9,Kaputt
150,2011,9,Towards the Megalith
151,2012,9,Natural History
152,2017,9,Pure Comedy
153,2012,9,The Idler Wheel Is Wiser Than the Driver of the Screw and Whipping Cords Will Serve You More Than Ropes Will Ever Do
154,2015,9,M3LL155X
155,2025,9,EUSEXUA
156,2011,9,Helplessness Blues
157,2021,9,Promises
158,2014,9,Piñata
159,2024,9,The New Sound
160,2015,9,Meliora
161,2010,9,A Sufi and a Killer
162,2021,9,Plastic Beach
163,2018,9,Idol
164,2014,9,Plowing Into the Field of Love
165,2018,9,Joy as an Act of Resistance.
166,2025,9,Goldstar
167,2021,9,By the Time I Get to Phoenix
168,2024,9,No Name
169,2018,9,Boarding House Reach
170,2025,9,Revengeseekerz
171,2023,9,HELLMODE
172,2020,9,What’s Your Pleasure?
173,2022,9,The Forever Story
174,2026,9,To Whom This May Concern
175,2021,9,LP!
176,2023,9,SCARING THE HOES
177,2015,9,Have You in My Wilderness
178,2024,9,The Thief Next to Jesus
179,2015,9,The Epic
180,2024,9,GNX
181,2012,9,"good kid, m.A.A.d city"
182,2024,9,You Won’t Go Before You’re Supposed To
183,2023,9,Did you know that there’s a tunnel under Ocean Blvd
184,2020,9,Song for Our Daughter
185,2024,9,Patterns in Repeat
186,2010,9,This Is Happening
187,2019,9,CALIGULA
188,2019,9,GREY Area
189,2010,9,Throat
190,2019,9,H.A.Q.Q.
191,2023,9,93696
192,2023,9,Oh Me Oh My
193,2024,9,Imaginal Disk
194,2019,9,Coin Coin Chapter Four: Memphis
195,2025,9,"Magic, Alive!"
196,2023,9,Beloved! Paradise! Jazz!?
197,2013,9,Fetch
198,2017,9,A Crow Looked at Me
199,2010,9,Unsilent Death
200,2022,9,De todas las flores
201,2017,9,Mouth Moods
202,2012,9,Ondatrópica
203,2025,9,Sinister Grift
204,2018,9,Wide Awake!
205,2012,9,Put Your Back N 2 It
206,2022,9,Baby
207,2018,9,ION
208,2024,9,SCRAPYARD
209,2013,9,…Like Clockwork
210,2019,9,2020
211,2021,9,Henki
212,2017,9,RINA
213,2023,9,Lahai
214,2022,9,Marchita
215,2022,9,Diaspora Problems
216,2021,9,Daddy’s Home
217,2023,9,Javelin
218,2017,9,Common as Light and Love Are Red Valleys of Blood
219,2014,9,Benji
220,2016,9,The Glowing Man
221,2010,9,The Way Out
222,2013,9,Shaking the Habitual
223,2024,9,A Dream Is All We Know
224,2015,9,Citizen Zombie
225,2013,9,Virgins
226,2020,9,"Last Year Was Weird, Vol. 2"
227,2012,9,TNGHT
228,2025,9,Fairyland Codex
229,2019,9,IGOR
230,2024,9,Cutting the Throat of God
231,2024,9,American Standard
232,2024,9,Only God Was Above Us
233,2022,9,Cave World
234,2019,9,Titanic Rising
235,2010,9,Public Strain
236,2016,9,Plays the Music of Twin Peaks
237,2019,9,Girl With Basket of Fruit
238,2019,9,ITEKOMA HITS
239,2020,9,アダンの風
240,2023,8,"10,000 gecs"
241,2014,8,Fuck Off Get Free We Pour Light on Everything
242,2011,8,Live.Love.A$AP
243,2012,8,Control System
244,2011,8,Abzu
245,2012,8,Rare Chandeliers
246,2014,8,Ghettoville
247,2021,8,Imperative Imperceptible Impulse
248,2022,8,White Trash Revelry
249,2024,8,Bright Future
250,2020,8,songs
251,2025,8,Black Hole Superette
252,2016,8,The Impossible Kid
253,2019,8,Malibu Ken
254,2011,8,93 Million Miles
255,2020,8,2017–2019
256,2010,8,Marrow of the Spirit
257,2025,8,The Spiritual Sound
258,2015,8,Sound & Color
259,2019,8,Miami Memory
260,2017,8,Forced Witness
261,2017,8,The Underside of Power
262,2015,8,Algiers
263,2012,8,An Awesome Wave
264,2017,8,Antisocialites
265,2019,8,Little Electric Chicken Heart
266,2023,8,Me chama de gato que eu sou sua
267,2019,8,[USA]
268,2018,8,Oxnard
269,2011,8,Knife Man
270,2018,8,You’re Not Alone
271,2016,8,MY WOMAN
272,2018,8,Dead Magic
273,2025,8,Tether
274,2023,8,My Back Was a Bridge for You to Cross
275,2014,8,Connecticut Casual
276,2024,8,Connecticut Casual: Chapter 2
277,2018,8,Collapse EP
278,2010,8,The Suburbs
279,2010,8,ÞÞÞÞÞÞÞÞÞÞÞ
280,2022,8,age/sex/location
281,2019,8,"thank u, next"
282,2017,8,Dedicated to Bobby Jameson
283,2010,8,Before Today
284,2013,8,Race Music
285,2018,8,Paraffin
286,2021,8,Haram
287,2024,8,Night Reign
288,2014,8,Labyrinth Constellation
289,2022,8,Artificial Brain
290,2015,8,GUUD
291,2013,8,Exai
292,2023,8,"Ashes, Organs, Blood and Crypts"
293,2022,8,Morbidity Triumphant
294,2020,8,God Has Nothing to Do With This Leave Him Out of It
295,2022,8,His Happiness Shall Come First Even Though We Are Suffering
296,2021,8,I LIE HERE BURIED WITH MY RINGS AND MY DRESSES
297,2025,8,DeBÍ TiRAR MáS FOToS
298,2011,8,BBNG
299,2015,8,Purple
300,2010,8,Cerulean
301,2013,8,Clash the Truth
302,2012,8,Bloom
303,2022,8,Once Twice Melody
304,2022,8,Tana Talk 4
305,2016,8,Lemonade
306,2022,8,RENAISSANCE
307,2019,8,HOMECOMING: THE LIVE ALBUM
308,2024,8,COWBOY CARTER
309,2012,8,4eva N a Day
310,2014,8,Eighteen Hours of Static
311,2016,8,Before a Million Universes
312,2013,8,Dream River
313,2019,8,"WHEN WE ALL FALL ASLEEP, WHERE DO WE GO?"
314,2017,8,Known Unknowns
315,2012,8,History Will Absolve Me
316,2022,8,Aethiopes
317,2019,8,Hiding Places
318,2023,8,Maps
319,2015,8,Vulnicura
320,2012,8,Sentenced to Life
321,2021,8,For the First Time
322,2025,8,Forever Howlong
323,2021,8,Forever in Your Heart
324,2022,8,Forget Your Own Face
325,2021,8,Cavalcade
326,2019,8,Schlagenheim
327,2013,8,No Poison No Paradise
328,2018,8,"Streams of Thought, Vol. 1"
329,2022,8,Crest
330,2010,8,Penny Sparkle
331,2024,8,Absolute Elsewhere
332,2018,8,Negro Swan
333,2021,8,The Color Blu(e)
334,2024,8,Love (the) Ominous World
335,2019,8,A Long Red Hot Los Angeles Summer Night
336,2023,8,Bad News
337,2020,8,Manger on McNichols
338,2025,8,"SABLE, fABLE"
339,2010,8,Satan Worshipping Doom
340,2020,8,NO
341,2014,8,VI: Flora
342,2010,8,Small Craft on a Milk Sea
343,2020,8,POST HUMAN: SURVIVAL HORROR
344,2024,8,What Now
345,2019,8,GINGER
346,2017,8,SATURATION III
347,2021,8,"ROADRUNNER: NEW LIGHT, NEW MACHINE"
348,2017,8,SATURATION II
349,2013,8,General Dome
350,2012,8,Truant / Rough Sleeper
351,2012,8,Kindred
352,2014,8,Perfect Hair
353,2013,8,Melophobia
354,2013,8,The Eulogy
355,2025,8,Heavy Metal
356,2016,8,Teens of Denial
357,2018,8,Twin Fantasy (Face to Face)
358,2014,8,Boy
359,2016,8,E•MO•TION: Side B
360,2023,8,"Desire, I Want to Turn Into You"
361,2019,8,Pang
362,2015,8,The Anthropocene Extinction
363,2010,8,Rohnert Park
364,2020,8,how i’m feeling now
365,2016,8,Vroom Vroom
366,2022,8,Topical Dancer
367,2024,8,Cool World
368,2022,8,God’s Country
369,2025,8,In the Earth Again
370,2022,8,Too Much to Ask
371,2024,8,It’s Sorted
372,2013,8,Pain Is Beauty
373,2015,8,Abyss
374,2011,8,Ἀποκάλυψις
375,2020,8,Ungodly Hour
376,2020,8,Starting Over
377,2012,8,Possession
378,2024,8,Diamond Jubilee
379,2015,8,No Now
380,2013,8,midcity
381,2016,8,Splendor & Misery
382,2019,8,There Existed an Addiction to Blood
383,2012,8,Attack on Memory
384,2017,8,Forever
385,2020,8,Underneath
386,2011,8,"New History Warfare, Volume 2: Judges"
387,2023,8,When We Were That What Wept for the Sea
388,2015,8,Never Were the Way She Was
389,2013,8,Comadre
390,2016,8,Ruminations
391,2012,8,All We Love We Leave Behind
392,2017,8,The Dusk in Us
393,2026,8,Love Is Not Enough
394,2020,8,From King to a GOD
395,2011,8,Dwellings
396,2011,8,Idle Labor
397,2016,8,Beyond the Fleeting Gales
398,2011,8,In Love With Oblivion
399,2011,8,Oneirology
400,2018,8,The Light Is Leaving Us All
401,2015,8,Every Hero Needs a Villain
402,2014,8,Black Messiah
403,2013,8,6ix Commandments
404,2013,8,Random Access Memories
405,2020,8,Mystic Familiar
406,2022,8,Cheat Codes
407,2013,8,Drone Logic
408,2022,8,You Belong There
409,2012,8,Silent Hour / Golden Mile
410,2019,8,uknowhatimsayin¿
411,2011,8,XXX
412,2025,8,Stardust
413,2019,8,Sizzling
414,2013,8,Psychic
415,2010,8,"Sit Down, Man"
416,2010,8,Daughters
417,2018,8,Cubafonía
418,2025,8,Cabin in the Sky
419,2025,8,Lonely People With Power
420,2013,8,Sunbather
421,2014,8,Black Metal
422,2017,8,Outrage! Is Now
423,2011,8,Exmilitary
424,2012,8,No Love Deep Web
425,2024,8,You Like Music
426,2022,8,Darklife
427,2021,8,Faith in Persona
428,2012,8,Drought
429,2020,8,Future Teenage Cave Artists
430,2025,8,Noble and Godlike in Ruin
431,2021,8,"Actually, You Can"
432,2010,8,Halcyon Digest
433,2019,8,ZUU
434,2024,8,"King of the Mischievous South, Vol. 2"
435,2022,8,Melt My Eyez See Your Future
436,2018,8,TA13OO
437,2016,8,Imperial
438,2020,8,UNLOCKED
439,2015,8,Poison Season
440,2010,8,Special Affections
441,2010,8,Mount Wittenberg Orca
442,2020,8,Home Body
443,2014,8,Lifer
444,2020,8,My Agenda
445,2019,8,Flamboyant
446,2015,8,If You’re Reading This It’s Too Late
447,2011,8,Elephants at the Door
448,2017,8,Wrong One to Fuck With
449,2018,8,Some Rap Songs
450,2025,8,Live Laugh Love
451,2017,8,Reflections of a Floating World
452,2011,8,Elmatic
453,2025,8,Perverts
454,2015,8,Get to Heaven
455,2015,8,"I Love You, Honeybear"
456,2023,8,Girl With Fish
457,2017,8,Pleasure
458,2011,8,Unlearn.
459,2021,8,Palais d’argile
460,2022,8,CAPRISONGS
461,2025,8,EUSEXUA
462,2014,8,LP1
463,2013,8,BetterOffDEAD
464,2017,8,Crack‐Up
465,2024,8,Cascade
466,2019,8,Hi This Is Flume
467,2010,8,Cosmogramma
468,2010,8,Pattern+Grid World
469,2014,8,You’re Dead!
470,2023,8,But Here We Are
471,2017,8,Compassion
472,2022,8,fawn
473,2013,8,We Are the 21st Century Ambassadors of Peace & Magic
474,2012,8,Take the Kids Off Broadway
475,2016,8,Blonde
476,2018,8,Endless
477,2022,8,$oul $old $eparately
478,2019,8,Bandana
479,2020,8,Alfredo
480,2014,8,Full of Hell · Merzbow
481,2024,8,People Who Aren’t There Anymore
482,2013,8,How to Stop Your Brain in an Accident
483,2025,8,gutta child
484,2025,8,Rock Doido
485,2023,8,3D Country
486,2025,8,Getting Killed
487,2026,8,The Pleasure is Yours
488,2021,8,Smiling with No Teeth
489,2023,8,STRUGGLER
490,2023,8,Ooh Rap I Ya
491,2018,8,Prequelle
492,2011,8,Opus Eponymous
493,2010,8,Apollo Kids
494,2013,8,Twelve Reasons to Die
495,2011,8,Transmission Zero
496,2011,8,Giles Corey
497,2010,8,All Day
498,2014,8,Broken Ankles
499,2010,8,Ring
500,2012,8,’ALLELUJAH! DON’T BEND! ASCEND!
501,2016,8,Pleiades’ Dust
502,2013,8,Colored Sands
503,2020,8,"Song Machine, Season One: Strange Timez"
504,2026,8,The Mountain
505,2022,8,The Loser
506,2024,8,As Grande As
507,2023,8,"i was mature for my age, but i was still a child"
508,2017,8,GT Ultra
509,2018,8,Twisted Crystal
510,2025,8,You’re Weird Now
511,2020,8,"Women in Music, Pt. III"
512,2025,8,Nested in Tangles
513,2014,8,The Unnatural World
514,2011,8,Time Is Up
515,2026,8,the apple tree under the sea
516,2018,8,Orpheus vs. The Sirens
517,2010,8,Snakes for the Divine
518,2012,8,De Vermis Mysteriis
519,2015,8,Luminiferous
520,2024,8,Cometh the Storm
521,2012,8,Nehru Jackets
522,2018,8,Hate Music Last Time Delete EP
523,2020,8,West of Eden
524,2025,8,Tomorrow We Escape
525,2019,8,The Fall of Hobo Johnson
526,2012,8,Holograms
527,2011,8,Holy Ghost!
528,2025,8,Soft Spot
529,2015,8,Painted Shut
530,2018,8,"Bark Your Head Off, Dog"
531,2020,8,The Common Task
532,2025,8,Phonetics On and On
533,2012,8,kin
534,2017,8,Uyai
535,2011,8,New Brigade
536,2013,8,You’re Nothing
537,2026,8,e.t.d.s. A Mixtape by .idk.
538,2025,8,Life is Violence
539,2017,8,Brutalism
540,2020,8,Ultra Mono
541,2014,8,Prayer For Terrene
542,2018,8,Clear Tamei
543,2024,8,Tidal Memory Exo
544,2017,8,Neō Wax Bloom
545,2015,8,Chinese Nü Yr
546,2021,8,Let Me Do One More
547,2020,8,Alphaville
548,2018,8,Vile Luxury
549,2014,8,From All Purity
550,2025,8,A City Drowned in God’s Black Tears
551,2016,8,Floss
552,2015,8,Live From The Dentist Office
553,2021,8,Friends That Break Your Heart
554,2026,8,Trying Times
555,2010,8,The ArchAndroid
556,2018,8,Dirty Computer
557,2017,8,4:44
558,2021,8,Heaux Tales
559,2018,8,Everything’s Fine
560,2015,8,We Cool?
561,2021,8,SKA DREAM
562,2016,8,WORRY.
563,2020,8,NO DREAM
564,2022,8,BOTHERED / UNBOTHERED
565,2023,8,The Gray in Between
566,2023,8,That! Feels Good!
567,2018,8,DiCaprio 2
568,2025,8,God Does Like Ugly
569,2015,8,Divers
570,2023,8,I’ve Got Me
571,2022,8,I Love You Jennifer B
572,2017,8,All-Amerikkkan Bada$$
573,2015,8,B4.DA.$$
574,2024,8,NO HANDS
575,2012,8,ƒIN
576,2013,8,Immunity
577,2019,8,All My Heroes Are Cornballs
578,2018,8,Veteran
579,2024,8,I LAY DOWN MY LIFE FOR YOU
580,2018,8,Firepower
581,2018,8,Aviary
582,2013,8,Loud City Song
583,2024,8,Something in the Room She Moves
584,2013,8,The Night’s Gambit
585,2016,8,Honor Killed the Samurai
586,2018,8,Isolation
587,2018,8,ye
588,2018,8,The Life of Pablo
589,2023,8,Why Does the Earth Give Us People to Love?
590,2012,8,Alone Together
591,2017,8,Take Me Apart
592,2015,8,Success
593,2011,8,Section.80
594,2016,8,untitled unmastered.
595,2022,8,Mr. Morale & the Big Steppers
596,2022,8,LOUIE
597,2016,8,Bonito Generation
598,2018,8,Time ’n’ Place
599,2023,8,Glockoma 2
600,2010,8,Shit Computer
601,2012,8,R.A.P. Music
602,2022,8,AMERICAN GURL
603,2024,8,The Collective
604,2022,8,Laminated Denim
605,2023,8,"PetroDragonic Apocalypse; or, Dawn of Eternal Night: An Annihilation of Planet Earth and the Beginning of Merciless Damnation"
606,2019,8,Infest the Rats’ Nest
607,2016,8,Nonagon Infinity
608,2017,8,Flying Microtonal Banana
609,2023,8,Space Heavy
610,2020,8,Man Alive!
611,2019,8,Return to Center
612,2017,8,Bravado
613,2022,8,Crystalline Exhaustion
614,2024,8,Inorganic Rites
615,2012,8,Years Past Matter
616,2013,8,Wakin on a Pretty Daze
617,2013,8,Meir
618,2011,8,Kvelertak
619,2025,8,Kyle Gordon Is Wonderful
620,2021,8,Fatigue
621,2011,8,Wildlife
622,2014,8,Trouble in Paradise
623,2019,8,Norman Fucking Rockwell!
624,2010,8,Homeland
625,2022,8,Shape Up
626,2016,8,Spirit Phone
627,2015,8,Scar Sighted
628,2015,8,Blood
629,2020,8,Lianne La Havas
630,2014,8,Mess
631,2020,8,Miss Colombia
632,2019,8,Sonic Citadel
633,2015,8,Third Side of Tape
634,2011,8,Ritual Union
635,2025,8,Lotus
636,2021,8,Sometimes I Might Be Introvert
637,2011,8,Aesthethica
638,2020,8,Origin of the Alimonies
639,2019,8,Cuz I Love You
640,2024,8,Ultra 85
641,2012,8,I.V.
642,2012,8,Galaxy Garden
643,2018,8,Time
644,2021,8,HEY WHAT
645,2010,8,Holkham Drones
646,2024,8,Samurai
647,2022,8,Drill Music in Zion
648,2024,8,CAROUSEL FROM HELL
649,2020,8,Circles
650,2025,8,Balloonerism
651,2023,8,Swimming
652,2024,8,#RICHAXXHAITIAN
653,2021,8,Mercurial World
654,2010,8,Memphis
655,2026,8,URGH
656,2013,8,Blood Donation
657,2016,8,Strangers
658,2019,8,"Modern Flows, Vol. 2"
659,2025,8,Pain to Power
660,2016,8,Ritual Spirit
661,2011,8,Coin Coin Chapter One: Gens de couleur libres
662,2020,8,The Consuming Flame: Open Exercises in Group Form
663,2019,8,Plastic Anniversary
664,2016,8,Ultimate Care II
665,2012,8,Beams
666,2022,8,Meridian Brothers & El Grupo Renacimiento
667,2020,8,Cumbia siglo XXI
668,2010,8,Congratulations
669,2024,8,Loss of Life
670,2018,8,Little Dark Age
671,2024,8,Songs About You Specifically
672,2014,8,The Water[s]
673,2025,8,"goodbye, world!"
674,2023,8,Burning Desire
675,2025,8,Something Beautiful
676,2011,8,I Wish My Brother Rob Was Here
677,2015,8,so the flies don’t come
678,2013,8,Things That Happen at Day // Things That Happen at Night
679,2023,8,The Land Is Inhospitable and So Are We
680,2025,8,Pirouette
681,2023,8,Dogsbody
682,2011,8,"Hardcore Will Never Die, but You Will"
683,2010,8,Special Moves
684,2023,8,Autopoiética
685,2025,8,Femme fatale
686,2016,8,Jumalten aika
687,2020,8,True Opera
688,2024,8,The Great Bailout
689,2021,8,BRASS
690,2024,8,Night Palace
691,2012,8,Results
692,2014,8,Murmur
693,2013,8,m b v
694,2012,8,Silencing Machine
695,2024,8,Every Bridge Burning
696,2016,8,You Will Never Be One of Us
697,2015,8,Apex Predator – Easy Meat
698,2022,8,King’s Disease III
699,2021,8,King’s Disease II
700,2025,8,Cancionera
701,2020,8,"Un canto por México, vol. 1"
702,2018,8,"Musas: Un homenaje al folclore latinoamericano en manos de Los Macorinos, vol. 2"
703,2011,8,Natural Child
704,2023,8,Ways of Knowing
705,2025,8,The Sword & The Soaring
706,2014,8,Mouth Sounds
707,2014,8,Mouth Silence
708,2016,8,Fires Within Fires
709,2026,8,An Undying Love for a Burning World
710,2024,8,Silence Is Loud
711,2016,8,Skeleton Tree
712,2021,8,CARNAGE
713,2011,8,Space Is Only Noise
714,2020,8,Cenizas
715,2025,8,I Love My Computer
716,2017,8,Not the Actual Events
717,2016,8,Telefone
718,2018,8,Room 25
719,2025,8,The Passionate Ones
720,2024,8,Why Lawd?
721,2011,8,Abhorrent Evolution
722,2013,8,Lousy With Sylvianbriar
723,2022,8,Free LSD
724,2010,8,First Four EPs
725,2017,8,Orc
726,2023,8,GUTS
727,2015,8,Garden of Delete
728,2011,8,Replica
729,2025,8,Tranquilizer
730,2017,8,Brick Body Kids Still Daydream
731,2014,8,Dark Comedy
732,2015,8,A Special Episode Of
733,2015,8,Sun Coming Down
734,2017,8,Thin Black Duke
735,2017,8,Heartless
736,2015,8,Autumn Eternal
737,2014,8,Roads to the North
738,2021,8,…And Again Into the Light
739,2023,8,This Is Why
740,2025,8,They Left Me With A Gun
741,2025,8,They Left Me With The Sword
742,2014,8,Biggie Apple
743,2020,8,Set My Heart on Fire Immediately
744,2014,8,Too Bright
745,2017,8,No Shape
746,2020,8,Punisher
747,2012,8,dripping
748,2021,8,GUMBO’!
749,2023,8,Heaven knows
750,2011,8,Let England Shake
751,2018,8,New Levels New Devils
752,2011,8,Poor Lily
753,2016,8,Paradise
754,2020,8,I Disagree
755,2024,8,SMILE! :D
756,2021,8,Nurture
757,2012,8,Portico Quartet
758,2016,8,Preoccupations
759,2017,8,Caustic
760,2019,8,Originals
761,2017,8,1992 Deluxe
762,2013,8,PEEP: The Aprocalypse
763,2025,8,Attempted Martyr
764,2017,8,Relatives in Descent
765,2015,8,Frozen Niagara Falls
766,2019,8,Morbid Stuff
767,2019,8,Purple Mountains
768,2022,8,It’s Almost Dry
769,2018,8,DAYTONA
770,2025,8,"Vanisher, Horizon Scraper"
771,2017,8,"Being You Is Great, I Wish I Could Be You More Often"
772,2019,8,Guns
773,2020,8,Innocent Country 2
774,2020,8,purple moonlight pages
775,2016,8,A Moon Shaped Pool
776,2017,8,Laila’s Wisdom
777,2010,8,LP4
778,2014,8,So It Goes
779,2012,8,On Acid
780,2016,8,Remember Us to Life
781,2011,8,Rhythmatic Eternal King Supreme
782,2024,8,Big Ideas
783,2023,8,SAVED!
784,2017,8,Peasant
785,2022,8,The Ruby Cord
786,2020,8,SAWAYAMA
787,2017,8,Los ángeles
788,2018,8,EL MAL QUERER
789,2020,8,RTJ4
790,2013,8,Run the Jewels
791,2016,8,Run the Jewels 3
792,2014,8,Run the Jewels 2
793,2017,8,Process
794,2013,8,Silence Yourself
795,2011,8,SBTRKT
796,2018,8,All at Once
797,2011,8,Valhalla Dancehall
798,2021,8,Rainbow Bridge 3
799,2020,8,Shabrang
800,2023,8,Hood Hottest Princess
801,2011,8,Black Up
802,2017,8,Soul of a Woman
803,2013,8,Laid Out
804,2016,8,Body War
805,2017,8,First Opus
806,2019,8,"A Quiet Farwell, 2016–2018"
807,2026,8,Half Blood
808,2015,8,Key Markets
809,2018,8,The Sciences
810,2021,8,Madison
811,2021,8,TYRON
812,2023,8,UGLY
813,2019,8,Nothing Great About Britain
814,2010,8,New Chain
815,2022,8,Luv 4 Rent
816,2013,8,Soft Will
817,2023,8,Super Snõõper
818,2025,8,Worldwide
819,2023,8,April Mixtape 3
820,2012,8,Narrow
821,2016,8,A Seat at the Table
822,2018,8,Your Queen Is a Reptile
823,2018,8,OIL OF EVERY PEARL’S UN‐INSIDES
824,2015,8,PRODUCT
825,2025,8,MAD!
826,2025,8,Portrait of My Heart
827,2022,8,Everything Was Beautiful
828,2012,8,Sweet Heart Sweet Light
829,2023,8,The Lamb as Effigy
830,2023,8,O Monolith
831,2011,8,Strange Mercy
832,2014,8,Lord Steppington
833,2013,8,Scratch 'n Sniff
834,2020,8,Heavy Is the Head
835,2016,8,End Position
836,2016,8,A Sailor’s Guide to Earth
837,2022,8,Natural Brown Prom Queen
838,2010,8,All Delighted People EP
839,2025,8,Carrie & Lowell
840,2021,8,A Beginner’s Mind
841,2025,8,The Film
842,2019,8,Pyroclasts
843,2012,8,Engine Room
844,2010,8,Urgency
845,2016,8,The Long Dark Blue
846,2012,8,The Seer
847,2022,8,SOS
848,2012,8,Lonerism
849,2023,8,Hive Mind Narcosis
850,2014,8,Sacred White Noise
851,2012,8,Made Possible
852,2025,8,"No Rain, No Flowers"
853,2025,8,VII
854,2024,8,What a Fucking Nightmare
855,2019,8,Trust in the Lifeforce of the Deep Mystery
856,2022,8,Hyper‐Dimensional Expansion Beam
857,2013,8,One of Us Is the Killer
858,2016,8,Feelin Kinda Free
859,2013,8,I See Seaweed
860,2010,8,The Drums
861,2012,8,The Odds
862,2020,8,American Head
863,2015,8,The Documentary 2.5
864,2012,8,Breakthrough
865,2013,8,Excavation
866,2019,8,The Highwomen
867,2023,8,We’re Still Here
868,2025,8,The Hives Forever Forever the Hives
869,2016,8,Scum With Boundaries
870,2020,8,Little Dominiques Nosebleed
871,2024,8,Prelude to Ecstasy
872,2023,8,Everything Harmony
873,2011,8,λόγος
874,2017,8,Goths
875,2011,8,All Eternals Deck
876,2015,8,Beat the Champ
877,2011,8,Belong
878,2010,8,Clinging to a Scheme
879,2010,8,How I Got Over
880,2024,8,Wall of Eyes
881,2010,8,Rising Sun
882,2020,8,The New Abnormal
883,2010,8,Sometimes the Blues Is Just a Passing Bird
884,2012,8,There’s No Leaving Now
885,2010,8,The Wild Hunt
886,2015,8,Evermore: The Art of Duality
887,2011,8,Homo
888,2018,8,Virtue
889,2022,8,Dawn FM
890,2012,8,Echoes of Silence
891,2025,8,Hurry Up Tomorrow
892,2014,8,Annabel Dream Reader
893,2016,8,A Weird Exits
894,2012,8,awE naturalE
895,2011,8,Lovers Holiday
896,2013,8,Howl
897,2011,8,The Golden Age of Apocalypse
898,2026,8,Distracted
899,2011,8,"Ravedeath, 1972"
900,2014,8,Hot Dreams
901,2011,8,Creep On Creepin’ On
902,2023,8,BB/ANG3L
903,2014,8,Ultima II Massage
904,2023,8,The Enduring Spirit
905,2023,8,In the Fade
906,2012,8,Harmonicraft
907,2013,8,Is Survived By
908,2016,8,Stage Four
909,2011,8,Conjure and Command
910,2015,8,Rodeo
911,2019,8,Braindrops
912,2018,8,A Laughing Death in Meatspace
913,2014,8,Nikki Nack
914,2021,8,GLOW ON
915,2018,8,Trench
916,2021,8,Twin Shadow
917,2010,8,Forget
918,2016,8,Emotional Mugger
919,2012,8,Hair
920,2012,8,Slaughterhouse
921,2025,8,Snipe Hunter
922,2024,8,CHROMAKOPIA
923,2021,8,CALL ME IF YOU GET LOST
924,2017,8,Flower Boy
925,2025,8,DON’T TAP THE GLASS
926,2018,8,In a Poem Unlimited
927,2019,8,The Origin of My Depression
928,2024,8,Twice Around the Sun
929,2014,8,New York Telephone
930,2017,8,Written at Night
931,2020,8,Lesions of a Different Kind
932,2023,8,Wallsocket
933,2026,8,U
934,2015,8,Multi‐Love
935,2019,8,"Kankyō Ongaku: Japanese Ambient, Environmental & New Age Music 1980–1990"
936,2016,8,Southern Family
937,2010,8,Afro-Beat Airways: West African Shock Waves - Ghana & Togo 1972-1978
938,2010,8,Pomegranates
939,2016,8,Terminal Redux
940,2011,8,Outer Isolation
941,2011,8,Veronica Falls
942,2025,8,viagr aboys
943,2021,8,Welfare Jazz
944,2024,8,Dark Times
945,2010,8,King of the Beach
946,2010,8,Sports
947,2021,8,OK Human
948,2016,8,Weezer [white album]
949,2021,8,Hitler Wears Hermes 8: Side B
950,2014,8,Baby
951,2014,8,Totem
952,2012,8,Sinews
953,2021,8,Half God
954,2023,8,14K Figaro
955,2012,8,Nocturne
956,2014,8,Rhythm
957,2017,8,Godfather
958,2023,8,Zango
959,2014,8,Celestite
960,2010,8,At Echo Lake
961,2022,8,Hiss
962,2011,8,Dirge
963,2016,8,Black Terry Cat
964,2012,8,Hasta la muerte
965,2024,8,13” Frank Beltrame Italian Stiletto With Bison Horn Grips
966,2014,8,Nina
967,2017,8,FORGET
968,2019,8,Polyhymnia
969,2013,8,GNK
970,2024,8,2093
971,2016,8,Still Brazy
972,2021,8,Stand For Myself
973,2015,8,White Men Are Black Men Too
974,2012,8,Tape One
975,2013,8,Tape Two
976,2017,8,Young Martha
977,2015,8,Kinison
978,2024,8,The Great American Bar Scene
979,2023,8,Zach Bryan
980,2012,8,Zammuto
981,2018,8,Stranger Fruit
982,2011,8,Escape Velocity
983,2015,8,Xe
984,2023,8,After the Magic
985,2022,8,SUPER CHAMPON
986,2013,8,なんだこれくしょん
987,2018,8,春と修羅
988,2024,8,破爛酒店 (Hotel la Rut)
989,2014,7,Mandatory Fun
990,2019,7,1000 gecs
991,2020,7,1000 gecs and The Tree of Clues
992,2019,7,i am > i was
993,2020,7,SAVAGE MODE II
994,2017,7,Without Warning
995,2014,7,Sea When Absent
996,2011,7,After School Special
997,2014,7,Ferg Forever
998,2013,7,Trap Lord
999,2013,7,LONG.LIVE.A$AP
1000,2026,7,Don’t Be Dumb
1001,2016,7,Do What Thou Wilt.
1002,2022,7,UGLY DEATH NO REDEMPTION ANGEL CURSE I LOVE YOU
1003,2024,7,Anniversary
1004,2015,7,25
1005,2021,7,30
1006,2015,7,Supersonic Home
1007,2020,7,Spirit World Field Guide
1008,2012,7,Skelethon
1009,2023,7,Integrated Tech Solutions
1010,2021,7,Garbology
1011,2023,7,World of Hassle
1012,2022,7,God Save the Animals
1013,2021,7,House of Lull . House of When
1014,2017,7,Alice Glass
1015,2011,7,All Pigs Must Die
1016,2024,7,Girl With No Face
1017,2014,7,This Is All Yours
1018,2021,7,Yol
1019,2013,7,Body Music
1020,2022,7,Blue Rev
1021,2022,7,Three Dimensions Deep
1022,2019,7,American Football
1023,2020,7,Limbo
1024,2011,7,ISAM
1025,2014,7,Try Not to Destroy Everything You Love
1026,2025,7,Anyway
1027,2016,7,Malibu
1028,2019,7,Ventura
1029,2012,7,Luxury Problems
1030,2014,7,Faith in Strangers
1031,2012,7,Half Way Home
1032,2022,7,Big Time
1033,2026,7,Vol.II
1034,2022,7,Time Skiffs
1035,2020,7,All Thoughts Fly
1036,2025,7,Iconoclasts
1037,2014,7,ANTEMASQUE
1038,2011,7,Honkey Kong
1039,2016,7,Handshakes With Snakes
1040,2020,7,KiCk i
1041,2021,7,KICK ii
1042,2021,7,kiCK iiiii
1043,2018,7,Sweetener
1044,2020,7,Shrines
1045,2013,7,Amok
1046,2020,7,Planet’s Mad
1047,2026,7,Ca$ino
1048,2022,7,Bin Reaper 3: Old Testament
1049,2020,7,YHLQMDLG
1050,2014,7,III
1051,2016,7,IV
1052,2021,7,Talk Memory
1053,2011,7,Balkans
1054,2012,7,Yellow & Green
1055,2012,7,The Haunted Man
1056,2024,7,This Is How Tomorrow Moves
1057,2022,7,Beatopia
1058,2025,7,Tunnel Vision
1059,2018,7,7
1060,2015,7,The Things We Do to Find People Who Feel Like Us
1061,2018,7,I Loved You at Your Darkest
1062,2016,7,At Least for Now
1063,2020,7,Burden of Proof
1064,2021,7,The Plugs I Met 2
1065,2013,7,Silver Wilkinson
1066,2017,7,Bicep
1067,2010,7,Dark Country Magic
1068,2021,7,If It Bleeds It Can Be Killed
1069,2012,7,Live from the Underground
1070,2013,7,King Remembered in Time
1071,2020,7,Detroit 2
1072,2019,7,Two Hands
1073,2019,7,Shepherd in a Sheepskin Vest
1074,2021,7,Happier Than Ever
1075,2024,7,HIT ME HARD AND SOFT
1076,2025,7,GOLLIWOG
1077,2013,7,Dour Candy
1078,2015,7,"Today, I Wrote Nothing"
1079,2017,7,Utopia
1080,2023,7,Live at Bush Hall
1081,2017,7,Satan’s Graffiti or God’s Art?
1082,2011,7,Black and Brown!
1083,2016,7,IV
1084,2010,7,Black Tambourine
1085,2020,7,"Streams of Thought, Vol. 3: Cane & Able"
1086,2018,7,"Streams of Thought, Vol. 2"
1087,2022,7,SPIDERR
1088,2019,7,Animated Violence Mild
1089,2017,7,World Eater
1090,2012,7,Four
1091,2023,7,The Aux
1092,2011,7,Living With the Ancients
1093,2024,7,Los Angeles
1094,2012,7,Give Me My Flowers While I Can Still Smell Them
1095,2015,7,The Magic Whip
1096,2026,7,GUSTO
1097,2022,7,Killing Nothing
1098,2021,7,Bo Jackson
1099,2016,7,Useless
1100,2022,7,Heavy Rocks
1101,2023,7,the record
1102,2011,7,Native Speaker
1103,2017,7,Science Fiction
1104,2019,7,Jaime
1105,2018,7,iridescence
1106,2017,7,Hug of Thunder
1107,2024,7,My Story Got Stories
1108,2016,7,24K Magic
1109,2021,7,El madrileño
1110,2011,7,Showroom of Compassion
1111,2014,7,Forceps
1112,2013,7,Ceres & Calypso in the Deep Time
1113,2021,7,Violence Unimagined
1114,2012,7,Duality
1115,2015,7,Teens of Style
1116,2013,7,"Portals to a Better, Dead World"
1117,2021,7,Torn Arteries
1118,2020,7,Suddenly
1119,2020,7,Dedicated Side B
1120,2015,7,E•MO•TION
1121,2019,7,Dedicated
1122,2016,7,case/lang/veirs
1123,2021,7,Nice One
1124,2010,7,The Lady Killer
1125,2012,7,Tour Sampler CD-R
1126,2016,7,Moth
1127,2012,7,Something
1128,2016,7,Coloring Book
1129,2018,7,Pop 2
1130,2017,7,Number 1 Angel
1131,2024,7,Brat and it’s completely different but also still brat
1132,2025,7,REST IN BASS
1133,2025,7,Middle Spoon
1134,2017,7,Hiss Spun
1135,2012,7,Unknown Rooms: A Collection of Acoustic Songs
1136,2022,7,4NEM
1137,2024,7,Almighty So 2
1138,2016,7,"“Awaken, My Love!”"
1139,2017,7,"From A Room, Volume 2"
1140,2015,7,Stretch Music
1141,2020,7,Quarantine Casanova
1142,2020,7,"CITY MORGUE, VOLUME 2: AS GOOD AS DEAD"
1143,2011,7,Rules
1144,2021,7,Sling
1145,2024,7,Charm
1146,2016,7,32 Levels
1147,2012,7,Instrumentals 2
1148,2018,7,THINK: PEACE
1149,2024,7,VANISHING ACT II: ULTIMATE REALITY
1150,2016,7,Wriggle
1151,2014,7,Clockwork Indigo EP
1152,2020,7,van
1153,2017,7,All This I Do for Glory
1154,2024,7,The love it took to leave you
1155,2013,7,"New History Warfare, Volume 3: To See More Light"
1156,2011,7,Blue Suicide
1157,2011,7,Howl of the Lonely Crowd
1158,2021,7,Bloodmoon: I
1159,2021,7,La Maquina
1160,2017,7,Mourn
1161,2019,7,The Lost Boy
1162,2015,7,Corpo-Mente
1163,2024,7,You Could Do It Tonight
1164,2012,7,Crystal Castles [ii]
1165,2010,7,Crystal Castles
1166,2024,7,the 8th cumming
1167,2014,7,"Strange Journey, Volume Three"
1168,2018,7,Ephorize
1169,2018,7,Fetti
1170,2011,7,Carbon-Based Anatomy
1171,2018,7,Czarface Meets Metal Face
1172,2015,7,Invite the Light
1173,2017,7,Freudian
1174,2013,7,Old
1175,2023,7,Quaranta
1176,2012,7,ANX
1177,2021,7,Spiral
1178,2025,7,The Boy Who Played the Harp
1179,2013,7,The Next Day
1180,2018,7,American Utopia
1181,2012,7,Love This Giant
1182,2017,7,Dead Cross
1183,2016,7,Sleep Cycle
1184,2021,7,BLACK METAL 2
1185,2011,7,Codes and Keys
1186,2015,7,Fashion Week
1187,2016,7,The Magic
1188,2014,7,La Isla Bonita
1189,2025,7,Private Music
1190,2013,7,Nostalgic 64
1191,2023,7,Memento Mori
1192,2021,7,Absolutely
1193,2025,7,Baby
1194,2012,7,I Bet on Sky
1195,2017,7,Dirty Projectors
1196,2013,7,Settle
1197,2025,7,Vie
1198,2022,7,NOT TiGHT
1199,2015,7,Kunk
1200,2013,7,Saturday
1201,2019,7,Dos City
1202,2015,7,Compton
1203,2012,7,Locked Down
1204,2016,7,Big Baby D.R.A.M.
1205,2022,7,D‐Day: A Gangsta Grillz Mixtape
1206,2020,7,Future Nostalgia
1207,2023,7,VOIR DIRE
1208,2011,7,"Angels of Darkness, Demons of Light I"
1209,2022,7,GHETTO GODS
1210,2019,7,E
1211,2023,7,Glorious Game
1212,2024,7,Revelator
1213,2013,7,The Marshall Mathers LP 2
1214,2025,7,All You Are Is We
1215,2024,7,This Could Be Texas
1216,2012,7,Metahuman
1217,2025,7,"Willoughby Tucker, I’ll Always Love You"
1218,2022,7,Raw Data Feel
1219,2014,7,Waterfall
1220,2024,7,WOOF.
1221,2024,7,Mahashmashana
1222,2018,7,God’s Favorite Customer
1223,2023,7,Radical Romantics
1224,2020,7,Fetch the Bolt Cutters
1225,2021,7,Eternal Home
1226,2012,7,The Lion’s Roar
1227,2018,7,Ruins
1228,2019,7,MAGDALENE
1229,2020,7,Shore
1230,2015,7,"How Big, How Blue, How Beautiful"
1231,2022,7,Dance Fever
1232,2018,7,High as Hope
1233,2025,7,Everybody Scream
1234,2012,7,Until the Quiet Comes
1235,2013,7,Beautiful Rewind
1236,2012,7,Pink
1237,2017,7,Hang
1238,2012,7,channel ORANGE
1239,2015,7,Shadow of a Doubt
1240,2025,7,Alfredo 2
1241,2023,7,SPEED RUN
1242,2023,7,Hearth Room
1243,2019,7,The Wizrd
1244,2024,7,WE DON’T TRUST YOU
1245,2010,7,In Evening Air
1246,2014,7,Singles
1247,2014,7,Welcome to Fazoland
1248,2019,7,One of the Best Yet
1249,2018,7,Slide
1250,2022,7,There Will Be No Super-Slave
1251,2015,7,Twelve Reasons to Die II
1252,2016,7,Dungeon Bastards
1253,2024,7,SHINBANGUMI
1254,2011,7,"Father, Son, Holy Ghost"
1255,2019,7,the first glass beach album
1256,2012,7,Eschatological Scatology
1257,2012,7,Blood for the Master
1258,2014,7,A World Lit Only by Fire
1259,2021,7,G_d’s Pee AT STATE’S END!
1260,2021,7,Fortitude
1261,2010,7,Lucky Shiner
1262,2013,7,Crusher
1263,2015,7,Art Angels
1264,2010,7,Grinderman 2
1265,2019,7,WWCD
1266,2013,7,The Man Who Died in His Boat
1267,2020,7,None
1268,2012,7,Cocody
1269,2010,7,Hippies
1270,2013,7,Watcher
1271,2017,7,Conformicide
1272,2025,7,I’ll Be Waving as You Drive Away
1273,2010,7,Pigeons
1274,2011,7,Strange Moosic
1275,2021,7,Mood Valiant
1276,2024,7,Love Heart Cheat Code
1277,2012,7,Movement
1278,2010,7,Latin
1279,2013,7,Dynamics
1280,2023,7,Ontological Mysterium
1281,2023,7,Comradely Objects
1282,2012,7,In Our Heads
1283,2011,7,Satin Panthers
1284,2014,7,I AM YOUR DESTRUCTION
1285,2017,7,Ash
1286,2022,7,Electricity
1287,2019,7,Doko Mien
1288,2014,7,Ibibio Sound Machine
1289,2021,7,Seek Shelter
1290,2018,7,Beyondless
1291,2024,7,TANGK
1292,2016,7,Post Pop Depression
1293,2018,7,Steel Mogu
1294,2019,7,XYZ
1295,2017,7,Savage Sinusoid
1296,2022,7,Spirit of Ecstasy
1297,2021,7,Any Shape You Take
1298,2026,7,SweetFace Killah
1299,2019,7,Injury Reserve
1300,2017,7,Drive It Like It’s Stolen
1301,2017,7,"Howling, for the Nightmare Shall Consume"
1302,2021,7,The Off‐Season
1303,2026,7,Birthday Blizzard ’26
1304,2026,7,The Fall-Off
1305,2011,7,Glimmer
1306,2022,7,Fear of the Dawn
1307,2011,7,James Blake
1308,2019,7,Assume Form
1309,2013,7,Overgrown
1310,2023,7,Playing Robots Into Heaven
1311,2018,7,Four Pieces for Mirai
1312,2013,7,The Inheritors
1313,2015,7,In Colour
1314,2024,7,In Waves
1315,2021,7,Frailty
1316,2013,7,The Electric Lady
1317,2021,7,Jubilee
1318,2025,7,For Melancholy Brunettes (& sad women)
1319,2023,7,Weathervanes
1320,2024,7,Glimmer of God
1321,2020,7,Pixel Bath
1322,2022,7,CHAOS NOW*
1323,2018,7,Works by Tuli Kupferberg
1324,2013,7,Innocence Is Kinky
1325,2012,7,I Know What Love Isn't
1326,2017,7,Memories Are Now
1327,2012,7,Jessica Pratt
1328,2024,7,Here in the Pitch
1329,2025,7,black british music (2025)
1330,2020,7,Grime MC
1331,2018,7,Velvet
1332,2024,7,Moon Healer
1333,2022,7,2000
1334,2013,7,Summer Knights
1335,2012,7,1999
1336,2016,7,iiiDrops
1337,2025,7,HYPERYOUTH
1338,2015,7,Lost Themes
1339,2018,7,The Tree of Forgiveness
1340,2018,7,Singularity
1341,2017,7,Rap Album Two
1342,2021,7,Delta Estácio Blues
1343,2024,7,Invincible Shield
1344,2020,7,Legends Never Die
1345,2017,7,Turn Out the Lights
1346,2024,7,Hyperdrama
1347,2020,7,Descendants of Cain
1348,2022,7,Languish Arts
1349,2022,7,Woeful Studies
1350,2021,7,A Martyr’s Reward
1351,2018,7,Kai Whiston Bitch
1352,2024,7,ORQUÍDEAS
1353,2023,7,Red Moon in Venus
1354,2020,7,Sin miedo (del amor y otros demonios) ∞
1355,2025,7,"Sincerely,"
1356,2016,7,Made in the Manor
1357,2021,7,Donda
1358,2011,7,50 Words for Snow
1359,2013,7,Hubardo
1360,2024,7,TIMELESS
1361,2018,7,"American Dollar Bill – Keep Facing Sideways, You’re Too Hideous to Look at Face On"
1362,2016,7,Negus
1363,2013,7,Entrench
1364,2017,7,DAMN.
1365,2020,7,High Road
1366,2023,7,Gag Order
1367,2017,7,Rainbow
1368,2025,7,Glockaveli: The Don
1369,2020,7,Man on the Moon III: The Chosen
1370,2018,7,Primal Heart
1371,2012,7,"World, You Need a Change of Mind"
1372,2015,7,Paper Mâché Dream Balloon
1373,2025,7,Phantom Island
1374,2019,7,Changes
1375,2022,7,"Ice, Death, Planets, Lungs, Mushrooms and Lava"
1376,2018,7,Gumboot Soup
1377,2017,7,Polygondwanaland
1378,2021,7,L.W.
1379,2024,7,Flight b741
1380,2019,7,Fishing for Fishies
1381,2013,7,6 Feet Beneath the Moon
1382,2011,7,King Krule
1383,2020,7,Notre‐Dame‐des‐Sept‐Douleurs
1384,2024,7,Fine Art
1385,2016,7,Hyperion
1386,2022,7,Psychagogue
1387,2015,7,Exhausting Fire
1388,2014,7,Rooms of the House
1389,2025,7,MAYHEM
1390,2020,7,Chromatica
1391,2021,7,Dawn of Chromatica
1392,2025,7,Who Let the Dogs Out
1393,2021,7,Chemtrails Over the Country Club
1394,2023,7,False Lankum
1395,2013,7,Nostalchic
1396,2013,7,Once I Was an Eagle
1397,2015,7,Short Movie
1398,2014,7,The Beast of Left and Right
1399,2018,7,I’m All Ears
1400,2024,7,Elite Vessel
1401,2012,7,Is Your Love Big Enough?
1402,2012,7,WIXIW
1403,2015,7,Fantasy Empire
1404,2021,7,MONTERO
1405,2017,7,Lil Pump
1406,2021,7,VOLCANIC BIRD ENEMY AND THE VOICED CONCERN
1407,2016,7,Lil Boat
1408,2023,7,Let’s Start Here.
1409,2018,7,Lil Boat 2
1410,2025,7,Alter Ego
1411,2024,7,Drop 7
1412,2022,7,NO THANK YOU
1413,2015,7,The Ark Work
1414,2024,7,The FORCE
1415,2020,7,"pink, black, and orange in the corners."
1416,2020,7,No Pressure
1417,2022,7,Vinyl Days
1418,2015,7,Self Portrait
1419,2017,7,Melodrama
1420,2017,7,HUMANIAC
1421,2024,7,nothing
1422,2024,7,100% PROD I.V.
1423,2025,7,Unmusique
1424,2021,7,Home Video
1425,2025,7,Forever Is a Feeling
1426,2018,7,LUMP
1427,2021,7,Animal
1428,2018,7,DROGAS WAVE
1429,2015,7,Tetsuo & Youth
1430,2013,7,Tempest
1431,2013,7,Matangi
1432,2015,7,Another One
1433,2017,7,This Old Dog
1434,2015,7,GO:OD AM
1435,2021,7,Pray for Haiti
1436,2024,7,MG Ultra
1437,2013,7,Vapor City
1438,2012,7,The Heist
1439,2021,7,Sound Ancestors
1440,2017,7,Highly Rare
1441,2013,7,Makthaverskan II
1442,2024,7,I Got Heaven
1443,2016,7,Telling It Like It Is
1444,2018,7,For My Crimes
1445,2021,7,The Path of the Clouds
1446,2018,7,Mark Kozelek
1447,2010,7,Pyramid of the Sun
1448,2011,7,Totem Three
1449,2014,7,Once More ’Round the Sun
1450,2023,7,Coin Coin Chapter Five: In the Garden...
1451,2025,7,Metallic Life Review
1452,2010,7,Black City
1453,2014,7,Esoteric Warfare
1454,2015,7,Dreams Worth More Than Money
1455,2019,7,Fever
1456,2024,7,MEGAN
1457,2014,7,Past 21 Beyond the Arctic Cell
1458,2018,7,Bon voyage
1459,2013,7,Melt Yourself Down
1460,2016,7,Los Suicidas
1461,2024,7,Mi Latinoamérica Sufre
1462,2022,7,Formentera
1463,2022,7,HEROES & VILLAINS
1464,2011,7,The English Riviera
1465,2010,7,Illumination
1466,2019,7,KIWANUKA
1467,2023,7,The Patience
1468,2017,7,Culture
1469,2017,7,who told you to think??!!?!?!?!
1470,2026,7,Nothing’s About to Happen to Me
1471,2025,7,Infinite
1472,2016,7,Holy Ghost
1473,2013,7,Fever Hunting
1474,2013,7,Julia With Blue Jeans On
1475,2020,7,græ
1476,2018,7,Now Only
1477,2012,7,Clear Moon
1478,2013,7,Kismet
1479,2014,7,The Church
1480,2016,7,The Terrible Tales Of Scurvy Jones
1481,2014,7,This Is My Hand
1482,2018,7,NO_ONE EVER REALLY DIES
1483,2013,7,Abandon All Life
1484,2020,7,King’s Disease
1485,2022,7,Magic
1486,2021,7,Song of Sage: Post Panic!
1487,2012,7,Americana
1488,2015,7,VEGA INTL. Night School
1489,2012,7,Honor Found in Decay
1490,2016,7,Nevermen
1491,2024,7,Wild God
1492,2019,7,Ghosteen
1493,2018,7,Zephyr
1494,2014,7,Spaces
1495,2022,7,PAINLESS
1496,2018,7,Bad Witch
1497,2017,7,Pharma
1498,2018,7,Snares Like a Haircut
1499,2010,7,Desert Fires
1500,2016,7,Yes Lawd!
1501,2012,7,Paralytic Stalks
1502,2014,7,Wasted Years
1503,2012,7,OFF!
1504,2014,7,OG Maco EP
1505,2018,7,Cantos
1506,2016,7,Tempo
1507,2020,7,Ugly Is Beautiful
1508,2019,7,Do You Feel Me?
1509,2021,7,SOUR
1510,2017,7,Baile Bucanero
1511,2023,7,Again
1512,2014,7,#WAKEDAFUCUP
1513,2018,7,Lower East Suite Part Three
1514,2012,7,4NML HSPTL
1515,2018,7,What Happens When I Try to Relax
1516,2022,7,Component System With the Auto Reverse
1517,2025,7,Neighborhood Gods Unlimited
1518,2016,7,Hella Personal Film Festival
1519,2024,7,Muuntautuja
1520,2016,7,Värähtelijä
1521,2020,7,Mestarin kynsi
1522,2024,7,Stampede
1523,2022,7,Bronco
1524,2024,7,SORCS 80
1525,2023,7,Intercepted Message
1526,2014,7,The Thought of You
1527,2014,7,More Than Any Other Day
1528,2014,7,In Conflict
1529,2012,7,Sorrow and Extinction
1530,2023,7,The Rime of Memory
1531,2017,7,After Laughter
1532,2012,7,Light Up Gold
1533,2016,7,Human Performance
1534,2025,7,AMERIKA’S NEXT TOP PARTY!
1535,2015,7,IF
1536,2022,7,Ugly Season
1537,2015,7,La Chaise-Dyable
1538,2014,7,PTSD: Post Traumatic Stress Disorder
1539,2025,7,Fancy That
1540,2013,7,Honeys
1541,2017,7,Why Love Now
1542,2015,7,Suicide Euphoria
1543,2016,7,The Hope Six Demolition Project
1544,2023,7,I Inside the Old Year Dying
1545,2018,7,Die Lit
1546,2020,7,THE GOAT
1547,2012,7,The Horror
1548,2024,7,Negative Spaces
1549,2019,7,Choke
1550,2018,7,Am I a Girl?
1551,2023,7,Devil Music
1552,2018,7,beerbongs & bentleys
1553,2017,7,Nightmare Logic
1554,2020,7,Immersion
1555,2020,7,Everything Sucks
1556,2015,7,The Agent Intellect
1557,2025,7,"Carpe Diem, Moonman"
1558,2025,7,Pogo Rodeo
1559,2015,7,King Push – Darkest Before Dawn: The Prelude
1560,2022,7,I Didn't Mean to Haunt You
1561,2013,7,Yessir Whatever
1562,2022,7,DEATHFAME
1563,2015,7,Innocent Country
1564,2013,7,Ghost at the Finish Line
1565,2021,7,The Long and Short of It
1566,2012,7,Lo Fi Hi Fives: A Kind of Best Of
1567,2024,7,What a Devastating Turn of Events
1568,2018,7,SR3MM
1569,2019,7,Eve
1570,2015,7,Magnifique
1571,2025,7,SALVATION
1572,2025,7,sankofa
1573,2024,7,HEIS
1574,2021,7,Juno
1575,2017,7,Greatest Hits
1576,2022,7,WHO CARES?
1577,2025,7,End of the Middle
1578,2020,7,Nightmare Vacation
1579,2025,7,LETHAL
1580,2011,7,Pressure & Time
1581,2025,7,Through the Wall
1582,2020,7,Please Excuse Me for Being Antisocial
1583,2017,7,Is This the Life We Really Want?
1584,2012,7,Roomful of Teeth
1585,2022,7,MOTOMAMI
1586,2025,7,LUX
1587,2015,7,"Fingers, Bank Pads, and Shoe Prints"
1588,2021,7,BREAKING UP
1589,2011,7,Glass Swords
1590,2016,7,99¢
1591,2021,7,NINE
1592,2024,7,The Promise of Rain
1593,2014,7,Oxymoron
1594,2024,7,BLUE LIPS
1595,2012,7,Bish Bosch
1596,2019,7,Songs for the Firing Squad
1597,2018,7,soil
1598,2013,7,Flying Colours
1599,2023,7,Food for Worms
1600,2012,7,Tramp
1601,2019,7,Remind Me Tomorrow
1602,2010,7,Epic
1603,2025,7,Sharon Van Etten & The Attachment Theory
1604,2011,7,Bad Vibes
1605,2012,7,Vacation
1606,2019,7,Dog Whistle
1607,2014,7,1000 Forms of Fear
1608,2012,7,Valtari
1609,2021,7,An Evening With Silk Sonic
1610,2014,7,Banco
1611,2011,7,Mosaik
1612,2014,7,Sisyphus
1613,2016,7,Konnichiwa
1614,2018,7,Beware the Book of Eli
1615,2010,7,Scary Monsters and Nice Sprites
1616,2025,7,FUCK U SKRILLEX YOU THINK UR ANDY WARHOL BUT UR NOT!! <3
1617,2023,7,Quest for Fire
1618,2023,7,EXCELSIOR
1619,2015,7,No Cities to Love
1620,2010,7,Fever
1621,2016,7,Jessica Rabbit
1622,2025,7,Bunky Becky Birthday Boy
1623,2011,7,Dye It Blonde
1624,2011,7,Snake Oil
1625,2013,7,Sugarbread
1626,2022,7,"Sometimes, Forever"
1627,2021,7,Black to the Future
1628,2013,7,Parasite Brain
1629,2024,7,Songs of Blood and Mire
1630,2019,7,Mazy Fly
1631,2023,7,SPELLLING & the Mystery School
1632,2020,7,Spirit Possession
1633,2023,7,Spiritual Cramp
1634,2018,7,And Nothing Hurt
1635,2017,7,Hot Thoughts
1636,2014,7,They Want My Soul
1637,2022,7,Lucifer on the Sofa
1638,2020,7,Be Up a Hello
1639,2024,7,Dostrotime
1640,2021,7,Bright Green Field
1641,2014,7,St. Vincent
1642,2019,7,Beware of the Dogs
1643,2025,7,Instant Holograms on Metal Film
1644,2014,7,Sterilizer
1645,2022,7,Gemini Rights
1646,2025,7,Dry Drunk
1647,2010,7,Wild Smile
1648,2025,7,THE BPM
1649,2024,7,Shhh...Don’t Jinx It
1650,2024,7,The Healer
1651,2021,7,Still Over It
1652,2019,7,I Also Want to Die in New Orleans
1653,2026,7,A-Rhythm Absolute
1654,2019,7,Life Metal
1655,2018,7,Superorganism
1656,2019,7,Negative Space
1657,2015,7,Howl + Heavy Dancing
1658,2019,7,leaving meaning.
1659,2025,7,Birthing
1660,2023,7,The Beggar
1661,2021,7,"A Tiny House, In Secret Speeches, Polar Equals"
1662,2017,7,Ctrl
1663,2025,7,SOS Deluxe : LANA
1664,2023,7,DATA
1665,2013,7,Endless Night
1666,2015,7,Currents
1667,2020,7,evermore
1668,2020,7,folklore
1669,2010,7,Four More Years
1670,2011,7,Denton After Sunset
1671,2023,7,How Do You Sleep at Night?
1672,2022,7,Being Funny in a Foreign Language
1673,2012,7,Amongst These Splintered Minds//Leaden Thoughts Sing Softly
1674,2016,7,Wildflower
1675,2013,7,Har Nevo
1676,2010,7,Brothers
1677,2021,7,I’ve Seen All I Need to See
1678,2016,7,One Day You Will Ache Like I Ache
1679,2025,7,I Don’t Want to See You in Heaven
1680,2022,7,GET FUCKED
1681,2015,7,Born in the Echoes
1682,2022,7,BEFORE SHIT GOT WEIRD
1683,2024,7,Songs of a Lost World
1684,2013,7,Big Machines and Peculiar Beings
1685,2016,7,Dissociation
1686,2026,7,I Have To Get Hotter
1687,2011,7,Looping State of Mind
1688,2022,7,Horseshit on Route 66
1689,2010,7,Death Gate
1690,2023,7,The Death of Randy Fitzsimmons
1691,2011,7,Skying
1692,2018,7,Hive Mind
1693,2021,7,Pressure Machine
1694,2025,7,From the Pyre
1695,2017,7,50 Song Memoir
1696,2012,7,Noctourniquet
1697,2013,7,Hit The Waves
1698,2012,7,Open Your Heart
1699,2020,7,Microphones in 2020
1700,2012,7,Transcendental Youth
1701,2017,7,Sleep Well Beast
1702,2010,7,Together
1703,2022,7,A Light for Attracting Attention
1704,2014,7,Why Do the Heathen Rage?
1705,2021,7,"ENTERTAINMENT, DEATH"
1706,2011,7,Live Music
1707,2011,7,Angles
1708,2013,7,Hokey Fright
1709,2013,7,Indigoism
1710,2014,7,Cellar Door: Terminus Ut Exordium
1711,2014,7,Tyranny
1712,2014,7,Lost in the Dream
1713,2020,7,After Hours
1714,2015,7,Harmlessness
1715,2013,7,"Whenever, If Ever"
1716,2015,7,EarthEE
1717,2020,7,Doped Runner Verse
1718,2013,7,13.0.0.0.0
1719,2019,7,ANIMA
1720,2010,7,Summit
1721,2025,7,CORINIAN
1722,2018,7,Whack World
1723,2023,7,No Highs
1724,2012,7,Floral Green
1725,2010,7,The Monitor
1726,2021,7,"Last Year Was Weird, Vol. 3"
1727,2019,7,II
1728,2010,7,Maniac Meat
1729,2011,7,Bad as Me
1730,2014,7,Dissed and Dismissed
1731,2015,7,What For?
1732,2022,7,MAHAL
1733,2011,7,Parting the Sea Between Brightness and Me
1734,2024,7,Spiral in a Straight Line
1735,2011,7,Darker Handcraft
1736,2018,7,ASTROWORLD
1737,2023,7,UTOPIA
1738,2018,7,Down Below
1739,2015,7,The Children of the Night
1740,2022,7,上出来
1741,2023,7,不出来
1742,2018,7,A Love Letter to You 3
1743,2011,7,w h o k i l l
1744,2021,7,sketchy.
1745,2025,7,NEVER ENOUGH
1746,2018,7,Freedom’s Goblin
1747,2010,7,Bastard
1748,2011,7,The Destroyers of All
1749,2015,7,Halfway
1750,2022,7,It’s Time… to Rise From the Grave
1751,2013,7,II
1752,2012,7,Wreck
1753,2014,7,Crashing Diseases and Incurable Airplanes
1754,2022,7,Before the Glinting Spell Unvests
1755,2014,7,Splinters
1756,2013,7,Modern Vampires of the City
1757,2013,7,Dorner vs. Tookie
1758,2011,7,"Brand New Wayo: Funk, Fast Times & Nigerian Boogie Badness 1979-1983"
1759,2010,7,Cloud Cuckooland
1760,2025,7,Ghostholding
1761,2012,7,Order of Noise
1762,2025,7,Vegetables Worldwide
1763,2015,7,Viet Cong
1764,2013,7,{Awayland}
1765,2016,7,Prima Donna
1766,2018,7,FM!
1767,2021,7,Vince Staples
1768,2014,7,Hell Can Wait
1769,2015,7,Flockaveli 1.5
1770,2019,7,Come In
1771,2025,7,Hornet Disaster
1772,2025,7,Bleeds
1773,2011,7,Jason... The Dragon
1774,2010,7,Hurley
1775,2023,7,SZNZ: Winter
1776,2014,7,Everything Will Be Alright in the End
1777,2022,7,10
1778,2025,7,12
1779,2023,7,And Then You Pray For Me
1780,2022,7,"And in the Darkness, Hearts Aglow"
1781,2015,7,Sonic Ranch
1782,2017,7,Boy Who Cried Wolf
1783,2015,7,Lil Me
1784,2011,7,The Whole Love
1785,2014,7,Present Tense
1786,2011,7,Smother
1787,2011,7,Wild Flag
1788,2010,7,Gemini
1789,2017,7,A Shadow in Time
1790,2020,7,Lamentations
1791,2024,7,empathogen
1792,2012,7,Bend Beyond
1793,2016,7,City Sun Eater in the River of Light
1794,2016,7,Voices
1795,2012,7,No Youth
1796,2014,7,Angel Guts: Red Classroom
1797,2021,7,OH NO
1798,2026,7,Xiu Mutha Fuckin’ Xiu: Vol. 1
1799,2025,7,Weapon X Demo 2
1800,2022,7,The Overload
1801,2023,7,AftërLyfe
1802,2025,7,DANGEROUS SUMMER
1803,2022,7,Glitch Princess
1804,2023,7,softscars
1805,2013,7,Fade
1806,2023,7,Heavy Heavy
1807,2019,7,So Much Fun
1808,2016,7,JEFFERY
1809,2017,7,Packs
1810,2019,7,It Wasn't Even Close
1811,2017,7,Duster's Lament
1812,2018,7,Safe in the Hands of Love
1813,2020,7,Heaven to a Tortured Mind
1814,2012,7,Idiom Wind
1815,2022,7,Arkhon
1816,2019,7,GENERASIAN
1817,2014,7,ピカピカふぁんたじん
1818,2022,7,春火燎原
1819,2024,7,魔法学校
1820,2018,6,I Want to Die in New Orleans
1821,2022,6,You Can’t Kill Me
1822,2019,6,Rap or Go to the League
1823,2024,6,american dream
1824,2016,6,Rain Temple
1825,2012,6,In the Middle of Infinity
1826,2020,6,7G
1827,2024,6,Britpop
1828,2017,6,Still Striving
1829,2023,6,Herbert
1830,2017,6,Blue Chips 7000
1831,2013,6,Blue Chips 2
1832,2011,6,You Are All I See
1833,2013,6,Adam Green & Binki Shapiro
1834,2014,6,The Serpent & the Sphere
1835,2023,6,Disposable Everything
1836,2022,6,Oxy Music
1837,2015,6,Beach Music
1838,2023,6,Shook
1839,2022,6,The Dream
1840,2021,6,TWOPOINTFIVE
1841,2024,6,Cartoon Darkness
1842,2013,6,Endless Fantasy
1843,2023,6,New Blue Sun
1844,2019,6,All Mirrors
1845,2012,6,Centipede Hz
1846,2015,6,The Miraculous
1847,2016,6,HOPELESSNESS
1848,2014,6,Syro
1849,2013,6,Årabrot
1850,2015,6,Mutant
1851,2014,6,Xen
1852,2021,6,kick iiii
1853,2024,6,eternal sunshine
1854,2012,6,Mature Themes
1855,2019,6,WELCOME HOME
1856,2017,6,ROME
1857,2025,6,Mercy
1858,2016,6,I AKA I
1859,2021,6,DEMIDEVIL
1860,2011,6,Parallax
1861,2022,6,The Gods We Can Touch
1862,2010,6,Transit Transit
1863,2013,6,The Headless Ritual
1864,2016,6,Aa
1865,2021,6,The Melodic Blue
1866,2016,6,BBF Hosted by DJ Escrow
1867,2016,6,METAL RESISTANCE
1868,2022,6,Un verano sin ti
1869,2011,6,Hell: The Sequel
1870,2024,6,Mid Spiral
1871,2015,6,Sour Soul
1872,2013,6,Obsidian
1873,2015,6,La Di Da Di
1874,2012,6,Dross Glop
1875,2015,6,Depression Cherry
1876,2017,6,Volume 1: Flick Your Tongue Against Your Teeth and Describe the Present.
1877,2011,6,The Rip Tide
1878,2015,6,Girls in Peacetime Want to Dance
1879,2010,6,Belle and Sebastian Write About Love
1880,2024,6,Everybody Can’t Go
1881,2019,6,The Plugs I Met
1882,2014,6,BEYONCÉ
1883,2010,6,Sir Lucious Left Foot… The Son of Chico Dusty
1884,2014,6,Cadillactica
1885,2019,6,TDT
1886,2017,6,I Decided.
1887,2018,6,Two Parts Together
1888,2011,6,Apocalypse
1889,2019,6,Terror Management
1890,2015,6,Slaves Beyond Death
1891,2020,6,Endless Wound
1892,2024,6,LAUGHINGFISH
1893,2014,6,If There’s a Hell Below
1894,2010,6,Wilderness Heart
1895,2020,6,THE ALBUM
1896,2024,6,Cold Visions
1897,2021,6,The Fool
1898,2020,6,333
1899,2015,6,Dumb Flesh
1900,2021,6,Take the Sadness Out of Saturday Night
1901,2016,6,Hymns
1902,2014,6,Barragán
1903,2019,6,Angel’s Pulse
1904,2016,6,Freetown Sound
1905,2025,6,Essex Honey
1906,2014,6,Good to Be Home
1907,2023,6,The Ballad of Darren
1908,2013,6,Tomorrow’s Harvest
1909,2012,6,The Bravest Man in the Universe
1910,2011,6,"Bon Iver, Bon Iver"
1911,2019,6,"i,i"
1912,2014,6,Garbage
1913,2016,6,PaidProgramming2
1914,2013,6,The North Borders
1915,2019,6,Everythings for Sale
1916,2016,6,AQUARIA
1917,2012,6,LUX
1918,2020,6,"Down in the Weeds, Where the World Once Was"
1919,2019,6,amo
1920,2018,6,LOVE YOURSELF 轉 ‘Tear’
1921,2011,6,Fallen
1922,2015,6,Thumbs
1923,2020,6,Extinction Level Event 2: The Wrath of God
1924,2016,6,Tell Me I’m Pretty
1925,2013,6,California X
1926,2025,6,The Scholars
1927,2018,6,Invasion of Privacy
1928,2010,6,Swim
1929,2014,6,Our Love
1930,2022,6,The Loneliest Time
1931,2023,6,The Loveliest Time
1932,2011,6,Humor Risk
1933,2019,6,Death Atlas
1934,2014,6,Caustic Window LP
1935,2015,6,Time & Materials
1936,2013,6,Acid Rap
1937,2025,6,Star Line
1938,2026,6,Wuthering Heights
1939,2012,6,Come Sunday
1940,2024,6,Atavista
1941,2021,6,Screen Violence
1942,2013,6,"Decompositions, Volume Number One"
1943,2018,6,"CITY MORGUE, VOL 1: HELL OR HIGH WATER"
1944,2014,6,Clark
1945,2013,6,Hanging Gardens
1946,2025,6,Dead Channel Sky
1947,2014,6,Here and Nowhere Else
1948,2013,6,Moody Coup
1949,2014,6,I Am King
1950,2012,6,Love Is Love // Return to Dust
1951,2014,6,Nobody’s Smiling
1952,2022,6,From a Birds Eye View
1953,2024,6,The Crossroads
1954,2018,6,Tell Me How You Really Feel
1955,2013,6,Nature Noir
1956,2011,6,Radiant Door
1957,2024,6,Dauntless Manifesto
1958,2013,6,Krak Attack 2: Ballad of Elli Skiff
1959,2016,6,A Fistful of Peril
1960,2013,6,CZARFACE
1961,2021,6,Super What?
1962,2023,6,NEVER ENOUGH
1963,2021,6,Harlecore
1964,2012,6,Jiaolong
1965,2025,6,Nothing
1966,2013,6,The Underground Resistance
1967,2010,6,"Shut Up, Dude"
1968,2011,6,Relax
1969,2021,6,We’re All Alone in This Together
1970,2013,6,The Blind Hole
1971,2015,6,New Bermuda
1972,2021,6,Is 4 Lovers
1973,2014,6,The Physical World
1974,2013,6,Government Plates
1975,2015,6,Fading Frontier
1976,2013,6,Monomania
1977,2012,6,Koi no Yokan
1978,2015,6,32 Zel / Planet Shrooms
1979,2021,6,UNLOCKED 1.5
1980,2026,6,Strictly 4 the Scythe
1981,2015,6,The Expanding Flower Planet
1982,2022,6,Labyrinthitis
1983,2010,6,Something for Everybody
1984,2016,6,Is the Is Are
1985,2018,6,Lamp Lit Prose
1986,2012,6,Swing Lo Magellan
1987,2020,6,ENERGY
1988,2015,6,Caracal
1989,2017,6,Raskit
1990,2016,6,Major Key
1991,2021,6,Charmed
1992,2024,6,Alligator Bites Never Heal
1993,2023,6,Scarlet
1994,2020,6,Crack a Light
1995,2023,6,Fanfare
1996,2015,6,Days With Dr. Yen Lo
1997,2012,6,Widowmaker
1998,2011,6,Take Care
1999,2022,6,Her Loss
2000,2015,6,What a Time to Be Alive
2001,2019,6,Revenge of the Dreamers III
2002,2010,6,Jail La La
2003,2013,6,Quantum Leap
2004,2012,6,Dweller on the Threshold
2005,2022,6,SICK!
2006,2013,6,Doris
2007,2015,6,"I Don’t Like Shit, I Don’t Go Outside: An Album by Earl Sweatshirt"
2008,2012,6,"Angels of Darkness, Demons of Light II"
2009,2014,6,Primitive and Deadly
2010,2019,6,Mirrorland
2011,2012,6,Cancer 4 Cure
2012,2010,6,Black Masses
2013,2010,6,Does It Look Like I'm Here?
2014,2015,6,But You Caint Use My Phone
2015,2025,6,Rebel
2016,2022,6,Preacher’s Daughter
2017,2017,6,A Fever Dream
2018,2020,6,RE-ANIMATOR
2019,2012,6,Kings and Them
2020,2026,6,Red Asphalt
2021,2014,6,Eyehategod
2022,2013,6,Factory Floor
2023,2015,6,Sol Invictus
2024,2026,6,The Boy who cried Terrified .
2025,2011,6,Higher Learning Vol. 2
2026,2023,6,I am upset because I see something that is not there.
2027,2016,6,3001: A Laced Odyssey
2028,2018,6,Vacation in Hell
2029,2022,6,Palaces
2030,2026,6,Big Mama
2031,2019,6,"Everything Not Saved Will Be Lost, Part 1"
2032,2011,6,Wasting Light
2033,2017,6,Concrete and Gold
2034,2024,6,Three
2035,2024,6,Artificial Bouquet
2036,2020,6,Likewise
2037,2022,6,Actual Life 3 (January 1 - September 9 2022)
2038,2024,6,You Only Die 1nce
2039,2017,6,You Only Live 2wice
2040,2021,6,Oxidized
2041,2025,6,SISTER
2042,2013,6,Slow Focus
2043,2019,6,Weeping Choir
2044,2017,6,Trumpeting Ecstasy
2045,2016,6,EVOL
2046,2015,6,DS2
2047,2017,6,The Far Field
2048,2011,6,On the Water
2049,2025,6,Skeletá
2050,2025,6,October Country
2051,2025,6,Supreme Clientele 2
2052,2020,6,We're New Again: A Reimagining by Makaya McCraven
2053,2016,6,How to Be a Human Being
2054,2024,6,plastic death
2055,2017,6,Material Control
2056,2024,6,GLORIOUS
2057,2015,6,"‘Asunder, Sweet and Other Distress’"
2058,2012,6,MU.ZZ.LE
2059,2023,6,Cracker Island
2060,2018,6,The Now Now
2061,2015,6,Holographic Violence
2062,2012,6,Shields
2063,2017,6,Painted Ruins
2064,2012,6,See the World Given to a One Love Entity
2065,2016,6,Everybody Looking
2066,2022,6,Famously Alive
2067,2012,6,Let’s Go Eat the Factory
2068,2010,6,OJ Simpson
2069,2021,6,"If I Can’t Have Love, I Want Power"
2070,2019,6,Reflections
2071,2010,6,Happy Birthday
2072,2022,6,Harry’s House
2073,2023,6,RAT WARS
2074,2020,6,DISCO4 :: PART I
2075,2011,6,Tripper
2076,2018,6,Electric Messiah
2077,2016,6,Leave Me Alone
2078,2012,6,Hoax [3rd EP]
2079,2015,6,Platform
2080,2013,6,Forever
2081,2012,6,Held
2082,2025,6,v.i.p. - very important pony
2083,2022,6,Freakout/Release
2084,2015,6,Why Make Sense?
2085,2012,6,Total Loss
2086,2014,6,“What Is This Heart?”
2087,2023,6,Unreal Unearth
2088,2018,6,Nina Cried Power EP
2089,2022,6,Cry Sugar
2090,2018,6,"Huncho Jack, Jack Huncho"
2091,2014,6,BLUE
2092,2019,6,Is He Real?
2093,2021,6,CRAWLER
2094,2021,6,Lei Line Eon
2095,2023,6,All of This Will End
2096,2014,6,El Pintor
2097,2011,6,Kiss Each Other Clean
2098,2015,6,The Book of Souls
2099,2010,6,The Final Frontier
2100,2017,6,Crossover Ministry
2101,2016,6,The Sun’s Tirade
2102,2014,6,Cilvia Demo
2103,2016,6,4 Your Eyez Only
2104,2011,6,Cole World: The Sideline Story
2105,2014,6,2014 Forest Hills Drive
2106,2012,6,Blunderbuss
2107,2019,6,Leak 04–13 (Bait Ones)
2108,2023,6,Census Designated
2109,2023,6,The Age of Pleasure
2110,2015,6,90059
2111,2013,6,Magna Carta… Holy Grail
2112,2018,6,POST‐
2113,2024,6,2023 Tapes
2114,2017,6,Life Will See You Now
2115,2025,6,Songs for Other People’s Weddings
2116,2019,6,Quiet Signs
2117,2016,6,Jesu / Sun Kil Moon
2118,2015,6,Simple Songs
2119,2023,6,*GHETTOLAND
2120,2012,6,Key to the Kuffs
2121,2025,6,Lonely at the Top
2122,2011,6,White Wilderness
2123,2020,6,Nectar
2124,2010,6,Go
2125,2025,6,Unity
2126,2014,6,Never Hungover Again
2127,2019,6,Death Race for Love
2128,2024,6,Fearless Movement
2129,2018,6,Heaven and Earth
2130,2020,6,My Beautiful Dark Twisted Fantasy
2131,2017,6,Witness
2132,2014,6,Coffins on Io
2133,2016,6,99.9%
2134,2023,6,Raven
2135,2020,6,Inner Song
2136,2018,6,Black Panther: The Album (Music From and Inspired By)
2137,2019,6,ARIZONA baby
2138,2025,6,Blush
2139,2022,6,Entergalactic
2140,2010,6,Man on the Moon II: The Legend of Mr. Rager
2141,2023,6,MICHAEL
2142,2019,6,Clarity
2143,2023,6,The Silver Cord
2144,2017,6,Murder of the Universe
2145,2022,6,Omnium Gatherum
2146,2020,6,K.G.
2147,2015,6,"God, Money, War"
2148,2019,6,A Different Shade of Blue
2149,2015,6,Ygg huur
2150,2011,6,Severant
2151,2018,6,Bottle It In
2152,2015,6,b’lieve i’m goin down…
2153,2016,6,Nattesferd
2154,2020,6,DISCO
2155,2019,6,Panorama
2156,2025,6,No One Was Driving the Car
2157,2013,6,ARTPOP
2158,2016,6,Joanne
2159,2017,6,Lust for Life
2160,2012,6,When You're Gone
2161,2017,6,American Dream
2162,2019,6,Electric Lady Sessions
2163,2014,6,Alternate / Endings
2164,2015,6,Butter Fly
2165,2017,6,As You Were
2166,2010,6,Sisterworld
2167,2021,6,The Voice of the Heroes
2168,2019,6,7
2169,2022,6,RED & WHITE
2170,2018,6,Tha Carter V
2171,2025,6,West End Girl
2172,2018,6,"Antipositive, Pt. 2"
2173,2014,6,Nabuma Rubberband
2174,2013,6,Lung
2175,2022,6,Special
2176,2020,6,I Let It in and It Took Everything
2177,2013,6,Return to Annihilation
2178,2015,6,The Incredible True Story
2179,2014,6,Under Pressure
2180,2014,6,Death Mask
2181,2025,6,Virgin
2182,2012,6,Spooky Action at a Distance
2183,2011,6,Lulu
2184,2016,6,The Ghosts of Highway 20
2185,2017,6,DROGAS Light
2186,2014,6,I Never Learn
2187,2011,6,Vicki Leekx
2188,2012,6,2
2189,2014,6,Faces
2190,2013,6,Watching Movies With the Sound Off
2191,2011,6,Room(s)
2192,2016,6,This Unruly Mess I’ve Made
2193,2019,6,Good Faith
2194,2015,6,This World Is Not Enough
2195,2015,6,The Pale Emperor
2196,2021,6,Ancient Dreams in a Modern Land
2197,2021,6,Hushed and Grim
2198,2015,6,Coin Coin Chapter Three: River Run Thee
2199,2024,6,Mika's Laundry
2200,2022,6,Traumazine
2201,2020,6,Good News
2202,2011,6,BlackenedWhite
2203,2024,6,3+5
2204,2012,6,Koloss
2205,2016,6,Hardwired… to Self‐Destruct
2206,2018,6,NOT ALL HEROES WEAR CAPES
2207,2025,6,Metro Boomin Presents: A Futuristic Summa (Hosted by DJ Spinz)
2208,2012,6,METZ
2209,2012,6,Ten Stories
2210,2013,6,MGMT
2211,2015,6,Wave[s]
2212,2012,6,Kaleidoscope Dream
2213,2020,6,Plastic Hearts
2214,2018,6,budding ornithologists are weary of tired analogies
2215,2012,6,Unsound
2216,2018,6,Be the Cowboy
2217,2022,6,Laurel Hell
2218,2024,6,Two Star & The Dream Police
2219,2014,6,No Mythologies to Follow
2220,2014,6,Rave Tapes
2221,2021,6,As the Love Continues
2222,2010,6,Paramatma
2223,2012,6,Heartbreaking Bravery
2224,2015,6,Sauna
2225,2019,6,Lost Wisdom pt. 2
2226,2012,6,Babel
2227,2011,6,All Things Will Unwind
2228,2015,6,M
2229,2017,6,Mareridt
2230,2023,6,Magic 3
2231,2023,6,Magic 2
2232,2018,6,NASIR
2233,2021,6,"Un canto por México, vol. 2"
2234,2015,6,Music Complete
2235,2016,6,Sirens
2236,2020,6,Telas
2237,2012,6,Instinct
2238,2017,6,Add Violence
2239,2013,6,Hesitation Marks
2240,2020,6,Top Shotta
2241,2013,6,An Object
2242,2010,6,Everything in Between
2243,2014,6,Jimmy the Burnout
2244,2017,6,Who Built the Moon?
2245,2011,6,Spiritual State
2246,2015,6,Aureate Gloom
2247,2019,6,Father of 4
2248,2018,6,Smote Reverser
2249,2019,6,Face Stabber
2250,2012,6,No
2251,2020,6,Magic Oneohtrix Point Never
2252,2013,6,R Plus Seven
2253,2018,6,Age Of
2254,2020,6,"Anime, Trauma and Divorce"
2255,2013,6,Valonielu
2256,2025,6,psykotic
2257,2020,6,Protean Threat
2258,2018,6,Room Inside the World
2259,2014,6,Foundations of Burden
2260,2014,6,Mr Noah
2261,2019,6,Buoys
2262,2022,6,Reset
2263,2021,6,Sympathy for Life
2264,2012,6,Gossamer
2265,2024,6,i/o
2266,2013,6,Muchacho
2267,2011,6,The Lack Long After
2268,2012,6,Book Burner
2269,2015,6,You're Better Than This
2270,2014,6,The Endless River
2271,2025,6,BLACK'!ANTIQUE
2272,2021,6,Hall of Fame
2273,2015,6,Man It Feels Like Space Again
2274,2020,6,Shoot for the Stars Aim for the Moon
2275,2017,6,Poppy.Computer
2276,2021,6,Flux
2277,2026,6,Empty Hands
2278,2021,6,We Are Always Alone
2279,2011,6,In the Mountain in the Cloud
2280,2022,6,Arrangements
2281,2018,6,PRhyme 2
2282,2020,6,Everything is Beautiful
2283,2023,6,Formal Growth in the Desert
2284,2020,6,Ultimate Success Today
2285,2017,6,Rainbow Mirror
2286,2016,6,The Dream Is Over
2287,2022,6,THE UNRAVELING OF PUPTHEBAND
2288,2012,6,Shrines
2289,2013,6,My Name Is My Name
2290,2023,6,In Times New Roman…
2291,2017,6,Villains
2292,2013,6,Legends Never Die
2293,2021,6,Bob's Son
2294,2011,6,The King of Limbs
2295,2016,6,SremmLife 2
2296,2022,6,Zeit
2297,2024,6,Please Don’t Cry
2298,2024,6,Bird’s Eye
2299,2011,6,Red Horse
2300,2022,6,Return of the Dream Canteen
2301,2022,6,"Home, before and after"
2302,2015,6,Behold.Total.Rejection
2303,2013,6,Woman
2304,2018,6,Amen
2305,2019,6,The Sailor
2306,2017,6,Rather You Than Me
2307,2018,6,Nasty
2308,2019,6,Anger Management
2309,2024,6,Triple Digits [112]
2310,2022,6,The Elephant Man’s Bones
2311,2020,6,The Allegory
2312,2012,6,Clockwork Angels
2313,2022,6,Few Good Things
2314,2024,6,Short n’ Sweet
2315,2016,6,Adore Life
2316,2014,6,Soused
2317,2015,6,Rose Mountain
2318,2024,6,BLOODY ANGEL
2319,2023,6,Butcher House
2320,2024,6,In Sexyy We Trust
2321,2010,6,TSOL
2322,2021,6,Drunk Tank Pink
2323,2022,6,We’ve Been Going About This All Wrong
2324,2014,6,Are We There
2325,2018,6,MUDBOY
2326,2014,6,Dude Incredible
2327,2015,6,Dark Red
2328,2025,6,Vendrán Suaves Lluvias
2329,2013,6,Blood Tears
2330,2017,6,You Will Regret
2331,2018,6,STOKELEY
2332,2026,6,WOR$T GIRL IN AMERICA
2333,2017,6,English Tapas
2334,2014,6,Divide and Exit
2335,2019,6,We Are Not Your Kind
2336,2023,6,everything is alive
2337,2017,6,Deadstar
2338,2018,6,Lush
2339,2010,6,Treasure State
2340,2018,6,GANGIN
2341,2019,6,When I Get Home
2342,2025,6,I Barely Know Her
2343,2021,6,A Diabolic Thirst
2344,2025,6,Tsunami Sea
2345,2015,6,Damogen Furies
2346,2012,6,Ufabulum
2347,2025,6,Cowards
2348,2024,6,All Born Screaming
2349,2017,6,MASSEDUCTION
2350,2015,6,Hand. Cannot. Erase.
2351,2022,6,This Is What I Mean
2352,2010,6,The Age of Adz
2353,2020,6,The Ascension
2354,2015,6,Universal Themes
2355,2018,6,This Is My Dinner
2356,2015,6,Kannon
2357,2026,6,Sunn O)))
2358,2014,6,Terrestrials
2359,2022,6,World Wide Pop
2360,2010,6,My Father Will Guide Me Up a Rope to the Sky
2361,2010,6,Innerspeaker
2362,2020,6,The Slow Rush
2363,2019,6,Lover
2364,2010,6,Ardour
2365,2018,6,K.T.S.E.
2366,2022,6,Back 2 Life
2367,2018,6,A Brief Inquiry Into Online Relationships
2368,2011,6,El Camino
2369,2014,6,Angels & Devils
2370,2019,6,No Geography
2371,2013,6,The Terror
2372,2019,6,King’s Mouth: Music and Songs
2373,2015,6,Back on Top
2374,2015,6,The Documentary 2
2375,2020,6,Kiss My Super Bowl Ring
2376,2014,6,"Home, Like Noplace Is There"
2377,2017,6,Wonderful Wonderful
2378,2015,6,Anthems for Doomed Youth
2379,2022,6,The Mars Volta
2380,2011,6,Leave Home
2381,2010,6,Big Echo
2382,2022,6,Bleed Out
2383,2010,6,High Violet
2384,2023,6,Oceania
2385,2017,6,More Scared of You Than You Are of Me
2386,2011,6,The Spits
2387,2015,6,Dark Bird Is Home
2388,2017,6,Renaissance
2389,2011,6,What Did You Expect From The Vaccines?
2390,2011,6,Slave Ambient
2391,2017,6,Always Foreign
2392,2016,6,All Your Happy Life
2393,2017,6,I See You
2394,2015,6,Mutilator Defeated at Last
2395,2011,6,Tunnel Blanket
2396,2014,6,Tomorrow’s Modern Boxes
2397,2018,6,Magus
2398,2017,6,Drunk
2399,2020,6,It Is What It Is
2400,2015,6,The Beyond / Where the Giants Roam
2401,2024,6,WORLD WIDE WHACK
2402,2018,6,Konoyo
2403,2012,6,Local Business
2404,2023,6,Sweet Justice
2405,2014,6,It’s Album Time
2406,2013,6,Oddfellows
2407,2019,6,Planetary Clairvoyance
2408,2010,6,777
2409,2011,6,Underneath the Pine
2410,2019,6,Outer Peace
2411,2024,6,Hole Erth
2412,2020,6,Lament
2413,2013,6,Chemistry of Consciousness
2414,2021,6,Deep States
2415,2011,6,Nine Types of Light
2416,2014,6,Seeds
2417,2024,6,Clancy
2418,2025,6,Breach
2419,2015,6,Free TC
2420,2017,6,Ty Segall
2421,2014,6,Manipulator
2422,2014,6,Awake
2423,2013,6,Wolf
2424,2019,6,Father of the Bride
2425,2023,6,Barbie: The Album
2426,2018,6,Errorzone
2427,2022,6,This World Is Going to Ruin You
2428,2013,6,Waiting for Something to Happen
2429,2017,6,The Autobiography
2430,2010,6,Becoming a Jackal
2431,2022,6,RAMONA PARK BROKE MY HEART
2432,2015,6,Summertime ’06
2433,2017,6,Big Fish Theory
2434,2019,6,Memory
2435,2011,6,V
2436,2010,6,The Fool
2437,2013,6,Paracosm
2438,2011,6,Within and Without
2439,2019,6,Syntheosis
2440,2010,6,Lawless Darkness
2441,2013,6,Afraid of Heights
2442,2019,6,Weezer [teal album]
2443,2021,6,Hitler Wears Hermes 8: Sincerely Adolf
2444,2020,6,Pray for Paris
2445,2022,6,Wet Leg
2446,2025,6,moisturizer
2447,2016,6,Schmilco
2448,2015,6,Star Wars
2449,2010,6,Expo 86
2450,2011,6,Celestial Lineage
2451,2017,6,Thrice Woven
2452,2014,6,Want
2453,2012,6,Wu‐Block
2454,2014,6,A Better Tomorrow
2455,2015,6,Tierra y libertad
2456,2020,6,Años en infierno
2457,2023,6,Ignore Grief
2458,2024,6,Where’s My Utopia?
2459,2018,6,Cocoa Sugar
2460,2014,6,Dead
2461,2017,6,Stranger
2462,2023,6,"Praise a Lord Who Chews but Which Does Not Consume; (Or Simply, Hot Between Worlds)"
2463,2014,6,Anchor
2464,2021,6,Van Gogh's Left Ear
2465,2014,6,Help
2466,2017,6,Okovi
2467,2018,6,Communion
2468,2024,6,Sky Hundred
2469,2025,6,Luminescent Creatures
2470,2024,5,New World Depression
2471,2020,5,Modus Vivendi
2472,2025,5,star
2473,2018,5,Head in the Clouds
2474,2011,5,The Wonder Years
2475,2018,5,Eat the Elephant
2476,2012,5,Onwards to the Wall
2477,2020,5,Apple
2478,2016,5,"Cozy Tapes, Vol. 1: Friends–"
2479,2015,5,At.Long.Last.A$AP
2480,2014,5,These Days…
2481,2021,5,Voyage
2482,2018,5,White Bronco
2483,2015,5,Mr. Wonderful
2484,2012,5,R.I.P.
2485,2014,5,Transgender Dysphoria Blues
2486,2016,5,The Bible 2
2487,2012,5,Les Voyages de l’âme
2488,2017,5,Rocket
2489,2019,5,House of Sugar
2490,2025,5,Headlights
2491,2020,5,There Is No Year
2492,2017,5,Relaxer
2493,2025,5,BLACK STAR
2494,2016,5,American Football
2495,2017,5,Good for You
2496,2025,5,13 Months of Sunshine
2497,2014,5,Christmas Island
2498,2014,5,Burn Your Fire for No Witness
2499,2016,5,Painting With
2500,2017,5,Arca
2501,2013,5,Reflektor
2502,2011,5,Suck It and See
2503,2018,5,Tranquility Base Hotel + Casino
2504,2020,5,Positions
2505,2010,5,Oversteps
2506,2010,5,Down There
2507,2014,5,Enter the Slasher House
2508,2014,5,Broke With Expensive Taste
2509,2020,5,EL ÚLTIMO TOUR DEL MUNDO
2510,2019,5,X 100PRE
2511,2016,5,The Altar
2512,2014,5,Goddess
2513,2023,5,Stone
2514,2019,5,Gold & Grey
2515,2016,5,Too High to Riot
2516,2016,5,The Bride
2517,2019,5,Juice B Crypts
2518,2017,5,Somersault
2519,2015,5,Thank Your Lucky Stars
2520,2014,5,A U R O R A
2521,2017,5,I Tell a Fly
2522,2010,5,Crazy for You
2523,2011,5,Mind Bokeh
2524,2021,5,Isles
2525,2012,5,Vicious Lies and Dangerous Rumors
2526,2015,5,It's Better This Way
2527,2017,5,Double or Nothing
2528,2019,5,U.F.O.F.
2529,2025,5,Double Infinity
2530,2022,5,Church
2531,2022,5,Fossora
2532,2012,5,Mr. Impossible
2533,2012,5,Cobra Juicy
2534,2022,5,No Fear of Time
2535,2020,5,EXETER
2536,2023,5,ONE MORE TIME…
2537,2020,5,Rough and Rowdy Ways
2538,2016,5,"22, a Million"
2539,2022,5,hypochondriac
2540,2022,5,WASTELAND
2541,2010,5,Broken Bells
2542,2026,5,The Romantic
2543,2019,5,MAP OF THE SOUL : PERSONA
2544,2020,5,MAP OF THE SOUL : 7
2545,2013,5,Rival Dealer
2546,2018,5,Electricity Is on Our Side
2547,2019,5,Social Cues
2548,2011,5,"Thank You, Happy Birthday"
2549,2015,5,Blade of the Ronin
2550,2020,5,Making a Door Less Open
2551,2022,5,CRASH
2552,2019,5,Birth of Violence
2553,2013,5,Because the Internet
2554,2024,5,Bando Stone and the New World
2555,2014,5,White Women
2556,2015,5,Every Open Eye
2557,2020,5,TOXIC BOOGALOO
2558,2019,5,Immunity
2559,2010,5,The People's Record
2560,2015,5,A Head Full of Dreams
2561,2019,5,Everyday Life
2562,2016,5,Black America Again
2563,2023,5,WON’T HE DO IT
2564,2015,5,"Sometimes I Sit and Think, and Sometimes I Just Sit"
2565,2010,5,Doe Deer
2566,2013,5,Vertikal
2567,2011,5,Zonoscope
2568,2017,5,No Dope on Sundays
2569,2019,5,CZARFACE Meets Ghostface
2570,2019,5,KIRK
2571,2014,5,Everyday Robots
2572,2012,5,America
2573,2015,5,Gliss Riffer
2574,2018,5,Song for Alpha
2575,2020,5,Love + Light
2576,2019,5,Case Study 01
2577,2025,5,Son of Spergy
2578,2010,5,Circle the Wagons
2579,2019,5,Psychodrama
2580,2011,5,Crazy Clown Time
2581,2013,5,Dysnomia
2582,2014,5,while(1<2)
2583,2018,5,Ordinary Corrupt Human Love
2584,2015,5,Kintsugi
2585,2020,5,Zeros
2586,2019,5,Why Hasn’t Everything Already Disappeared?
2587,2015,5,Payola
2588,2016,5,Hypercaffium Spazzinate
2589,2017,5,ken
2590,2025,5,Dan’s Boogie
2591,2023,5,Alchemy
2592,2013,5,The Golden Age
2593,2023,5,Destiny
2594,2021,5,Exodus
2595,2021,5,Planet Her
2596,2012,5,No Idols
2597,2023,5,Love Sick
2598,2020,5,Heaven or Hell
2599,2013,5,Nothing Was the Same
2600,2017,5,More Life
2601,2023,5,For All the Dogs
2602,2019,5,So Far Gone
2603,2023,5,For All the Dogs
2604,2015,5,Undertow
2605,2024,5,Radical Optimism
2606,2019,5,FEET OF CLAY
2607,2023,5,Autumn Variations
2608,2023,5,- [subtract]
2609,2012,5,Piramida
2610,2020,5,Omens
2611,2014,5,Time to Die
2612,2024,5,The Death of Slim Shady (Coup de Grâce)
2613,2020,5,Music to Be Murdered By
2614,2024,5,Harbour Century
2615,2011,5,"Take Care, Take Care, Take Care"
2616,2015,5,The Ecology
2617,2015,5,Fetty Wap
2618,2017,5,Plunge
2619,2025,5,EUSEXUA Afterglow
2620,2023,5,Things Don't Always Go the Way You Plan
2621,2016,5,Skin
2622,2025,5,We Live in a Society
2623,2019,5,Flamagra
2624,2013,5,Holy Fire
2625,2015,5,What Went Down
2626,2024,5,Romance
2627,2021,5,Medicine at Midnight
2628,2014,5,Sonic Highways
2629,2011,5,David Comes to Life
2630,2022,5,I NEVER LIKED YOU
2631,2017,5,Future
2632,2018,5,Future & Juice WRLD Present… WRLD ON DRUGS
2633,2017,5,SUPER SLIMEY
2634,2013,5,Aleph
2635,2022,5,Impera
2636,2013,5,Infestissumam
2637,2014,5,36 Seasons
2638,2022,5,Most Normal
2639,2010,5,Broken Dreams Club
2640,2012,5,World Music
2641,2017,5,“Luciferian Towers”
2642,2017,5,At What Cost
2643,2017,5,Humanz
2644,2010,5,The Fall
2645,2012,5,Visions
2646,2017,5,Mr. Davis
2647,2014,5,Bestiary
2648,2017,5,Something to Tell You
2649,2025,5,I quit
2650,2019,5,Fine Line
2651,2020,5,Petals for Armor
2652,2021,5,FLOWERS for VASES / descansos
2653,2015,5,DEATH MAGIC
2654,2012,5,Wild Water Kingdom
2655,2015,5,Choose Your Weapon
2656,2019,5,PROTO
2657,2015,5,Lantern
2658,2020,5,Inlet
2659,2023,5,Like..?
2660,2021,5,USEE4YOURSELF
2661,2010,5,Raw Power
2662,2020,5,Spirituality and Distortion
2663,2010,5,Interpol
2664,2021,5,The House Is Burning
2665,2023,5,Beautiful and Brutal Yard
2666,2013,5,Born Sinner
2667,2018,5,KOD
2668,2023,5,Jackman.
2669,2022,5,Entering Heaven Alive
2670,2014,5,Lazaretto
2671,2020,5,JACKBOYS
2672,2020,5,"CTV3: Cool Tape, Vol. 3"
2673,2016,5,The Colour in Anything
2674,2011,5,Enough Thunder
2675,2024,5,Bad Cameo
2676,2012,5,Celebration Rock
2677,2020,5,A Written Testimony
2678,2011,5,Watch the Throne
2679,2011,5,Ascension
2680,2018,5,BALLADS 1
2681,2016,5,The Human Condition
2682,2024,5,The Party Never Ends
2683,2018,5,Goodbye & Good Riddance
2684,2011,5,"Audio, Video, Disco."
2685,2016,5,Woman
2686,2015,5,Purpose
2687,2025,5,SWAG
2688,2013,5,The 20/20 Experience
2689,2020,5,TO FEEL ALIVE EP
2690,2013,5,Yeezus
2691,2023,5,KAYTRAMINÉ
2692,2023,5,Blanket
2693,2024,5,INSANO (NITRO MEGA)
2694,2026,5,Play Me
2695,2021,5,Butterfly 3000
2696,2017,5,Sketches of Brunswick East
2697,2024,5,If I Could Sing
2698,2015,5,Late Knight Special
2699,2017,5,Project Baby 2
2700,2012,5,Phantom Antichrist
2701,2021,5,All Over the Place
2702,2021,5,Blue Banisters
2703,2015,5,Honeymoon
2704,2025,5,Life Is Beautiful
2705,2023,5,Bewitched
2706,2025,5,A Matter of Time
2707,2017,5,Semper Femina
2708,2012,5,Old Ideas
2709,2013,5,The Blackest Beautiful
2710,2017,5,TFCF
2711,2017,5,Black Ken
2712,2023,5,Almost Healed
2713,2019,5,EVERYBODY’S EVERYTHING
2714,2016,5,Oblivion Access
2715,2023,5,Pink Tape
2716,2020,5,LUV vs. the World 2
2717,2016,5,Summer Songs 2
2718,2024,5,From Zero
2719,2017,5,Stillness in Wonderland
2720,2023,5,Girl in the Half Pearl
2721,2013,5,Hummingbird
2722,2018,5,Bobby Tarantino II
2723,2018,5,YSIV
2724,2017,5,Everybody
2725,2016,5,Bobby Tarantino
2726,2023,5,College Park
2727,2012,5,"Food & Liquor II: The Great American Rap Album, Pt. 1"
2728,2024,5,All Is Yellow
2729,2022,5,MATA
2730,2010,5,/\/\ /\ Y /\
2731,2023,5,Fantasy
2732,2014,5,Salad Days
2733,2025,5,Guitar
2734,2011,5,Blue Slide Park
2735,2020,5,U-Void Synthesizer
2736,2017,5,Heaven Upside Down
2737,2020,5,Mark Kozelek with Ben Boye and Jim White 2
2738,2010,5,Record Collection
2739,2011,5,The Hunter
2740,2010,5,Sidewalks
2741,2018,5,Championships
2742,2020,5,Suga
2743,2010,5,The Bride Screamed Murder
2744,2023,5,72 Seasons
2745,2015,5,Pale Horses
2746,2014,5,true that
2747,2016,5,The Healing Component
2748,2014,5,No Label II
2749,2015,5,Wildheart
2750,2026,5,POMPEII // UTILITY
2751,2014,5,A Toothpaste Suburb
2752,2015,5,Strangers to Ourselves
2753,2014,5,World Peace Is None of Your Business
2754,2012,5,Ocean Roar
2755,2018,5,Simulation Theory
2756,2015,5,Drones
2757,2011,5,Circuital
2758,2026,5,Light‐Years
2759,2015,5,Tău
2760,2014,5,NehruvianDOOM
2761,2010,5,Le Noise
2762,2021,5,CLOUDS (THE MIXTAPE)
2763,2013,5,Push the Sky Away
2764,2018,5,Queen
2765,2020,5,MOONCHILD
2766,2023,5,Sundial
2767,2013,5,Home
2768,2016,5,Innocence Reaches
2769,2010,5,False Priest
2770,2023,5,Alone in a Crowd
2771,2012,5,Advaitic Songs
2772,2011,5,Heritage
2773,2014,5,Pale Communion
2774,2012,5,We Don’t Even Live Here
2775,2021,5,Who Am I?
2776,2011,5,Tomboy
2777,2025,5,Glory
2778,2014,5,Bestial Burden
2779,2013,5,Bankrupt!
2780,2021,5,The Life of Pi’erre 5
2781,2022,5,Whole Lotta Red
2782,2022,5,Remember That You Will Die
2783,2016,5,Pool
2784,2021,5,Avow
2785,2013,5,Vexovoid
2786,2014,5,Worlds
2787,2019,5,Hollywood’s Bleeding
2788,2018,5,New Material
2789,2021,5,From Me to You
2790,2012,5,Quakers
2791,2023,5,Rocket Power
2792,2011,5,Shaolin vs. Wu-Tang
2793,2019,5,[Rammstein]
2794,2012,5,Wiki93
2795,2015,5,All We Need
2796,2017,5,In Mind
2797,2016,5,The Getaway
2798,2011,5,I’m With You
2799,2019,5,Pony
2800,2023,5,Too Good To Be True
2801,2014,5,Neon Icon
2802,2022,5,Hold the Girl
2803,2020,5,Róisín Machine
2804,2011,5,Cursed
2805,2014,5,Royal Blood
2806,2010,5,Senior
2807,2025,5,Man’s Best Friend
2808,2023,5,Gloria
2809,2011,5,Sam Baker's Album
2810,2014,5,Wonder Where We Land
2811,2012,5,Habits & Contradictions
2812,2016,5,Blank Face LP
2813,2019,5,CrasH Talk
2814,2021,5,DEACON
2815,2014,5,Lese Majesty
2816,2017,5,Quazarz vs. The Jealous Machines
2817,2015,5,Ratchet
2818,2014,5,No More
2819,2010,5,d’Demonstrator
2820,2022,5,Trouble the Water
2821,2017,5,Vicious
2822,2024,5,11th Dimension
2823,2014,5,Recess
2824,2024,5,Little Rope
2825,2019,5,The Center Won’t Hold
2826,2012,5,Reign of Terror
2827,2018,5,Jxmtro
2828,2024,5,Maybe in Nirvana
2829,2021,5,Valentine
2830,2015,5,BUSH
2831,2012,5,Mysterious Phonk: The Chronicles of SpaceGhostPurrp
2832,2020,5,Spilligion
2833,2014,5,Leaving
2834,2013,5,The Raven That Refused to Sing (and Other Stories)
2835,2021,5,"If This Isn’t Nice, I Don’t Know What Is"
2836,2025,5,FULL COLOR ECLIPSE
2837,2019,5,SOUND & FURY
2838,2017,5,Planetarium
2839,2025,5,So Close to What
2840,2022,5,Midnights
2841,2024,5,The Tortured Poets Department
2842,2014,5,Sun Structures
2843,2010,5,Patagonian Rats
2844,2020,5,The Album
2845,2020,5,Notes on a Conditional Form
2846,2020,5,We Will Always Love You
2847,2010,5,The Budos Band III
2848,2018,5,EVERYTHING IS LOVE
2849,2024,5,What’s Wrong With New York?
2850,2010,5,Sea of Cowards
2851,2011,5,Portamento
2852,2012,5,Autotheism
2853,2017,5,Oczy Mlody
2854,2016,5,1992
2855,2012,5,Jesus Piece
2856,2015,5,haha
2857,2025,5,Riviera
2858,2015,5,Ego Death
2859,2020,5,Imploding the Mirage
2860,2011,5,Turtleneck & Chain
2861,2012,5,Given to the Wild
2862,2012,5,Love at the Bottom of the Sea
2863,2019,5,Help Us Stranger
2864,2012,5,Agnus Dei
2865,2012,5,Port of Morrow
2866,2024,5,Cutouts
2867,2013,5,Comedown Machine
2868,2013,5,The Lords of Flatbush
2869,2010,5,Lisbon
2870,2017,5,A Deeper Understanding
2871,2021,5,I Don’t Live Here Anymore
2872,2021,5,Ignorance
2873,2013,5,Kiss Land
2874,2016,5,Starboy
2875,2018,5,"My Dear Melancholy,"
2876,2015,5,Beauty Behind the Madness
2877,2015,5,No Closer to Heaven
2878,2014,5,Between Bodies
2879,2013,5,Floating Coffin
2880,2011,5,Join Us
2881,2016,5,Love Streams
2882,2012,5,Instrumental Tourist
2883,2017,5,"Sincerely, Future Pollution"
2884,2024,5,QUANTUM BABY
2885,2018,5,A Productive Cough
2886,2015,5,Sprinter
2887,2014,5,Blissfucker
2888,2014,5,No Peace
2889,2018,5,LIFE’S A TRIP
2890,2023,5,MANSION MUSIK
2891,2017,5,A Love Letter to You 2
2892,2021,5,Trip at Knight
2893,2018,5,I Can Feel You Creep Into My Private Life
2894,2018,5,Time & Space
2895,2012,5,Confess
2896,2020,5,Heavy Light
2897,2023,5,Bless This Mess
2898,2017,5,The Booty Tape
2899,2020,5,Shadow of Life
2900,2019,5,City as School
2901,2018,5,Sex & Food
2902,2011,5,Unknown Mortal Orchestra
2903,2016,5,There’s Alot Going On
2904,2021,5,Van Weezer
2905,2022,5,SZNZ: Summer
2906,2022,5,SZNZ: Spring
2907,2021,5,Hitler Wears Hermes VII
2908,2022,5,Peace “Fly” God
2909,2019,5,Hitler Wears Hermes 7
2910,2016,5,Life of Pause
2911,2018,5,Godfather II
2912,2011,5,Red Barked Tree
2913,2011,5,Sun and Shade
2914,2011,5,Go Tell Fire to the Mountain
2915,2026,5,Xavier
2916,2013,5,Mosquito
2917,2022,5,Cool It Down
2918,2011,5,Radioactive
2919,2025,5,Evangelic Girl Is a Gun
2920,2018,5,STAY DANGEROUS
2921,2023,5,This Stupid World
2922,2021,5,Slime Language 2
2923,2016,5,I’m Up
2924,2015,5,Barter 6
2925,2023,5,BUSINESS IS BUSINESS
2926,2017,5,Beautiful Thugger Girls
2927,2016,5,Slime Season 3
2928,2018,5,Slime Language
2929,2023,5,Richest Opp
2930,2011,5,Yuck
2931,2024,5,Psykos
2932,2020,5,Starz
2933,2022,5,Stardust
2934,2026,5,With Heaven on Top
2935,2010,5,Face Tat
2936,2013,5,With Love
2937,2021,4,Long Term Effects of SUFFERING
2938,2012,4,Based on a T.R.U. Story
2939,2018,4,DUMMY BOY
2940,2018,4,East Atlanta Love Letter
2941,2017,4,"Cozy Tapes, Vol. 2: Too Cozy"
2942,2018,4,TESTING
2943,2024,4,Soul Burger
2944,2010,4,Crush
2945,2025,4,Addison
2946,2019,4,EMMANUEL
2947,2017,4,Everything Now
2948,2022,4,WE
2949,2015,4,A New Place 2 Drown
2950,2022,4,Love Sux
2951,2012,4,Strange Clouds
2952,2023,4,nadie sabe lo que va a pasar mañana
2953,2014,4,Morning Phase
2954,2019,4,Hyperspace
2955,2017,4,Colors
2956,2019,4,Gallipoli
2957,2021,4,Colors II
2958,2012,4,The Parallax II: Future Sequence
2959,2022,4,Digital Roses Don’t Die
2960,2019,4,K.R.I.T. IZ HERE
2961,2010,4,Album of the Year
2962,2024,4,Bleachers
2963,2011,4,Attention Please
2964,2022,4,W
2965,2013,4,Sempiternal
2966,2022,4,The Family
2967,2010,4,Forgiveness Rock Record
2968,2010,4,Belus
2969,2025,4,AM I THE DRAMA?
2970,2025,4,CAN’T RUSH GREATNESS
2971,2012,4,Finally Rich
2972,2014,4,Kauai
2973,2020,4,3.15.20
2974,2023,4,Higher
2975,2012,4,Kill for Love
2976,2023,4,The Above
2977,2014,4,Ghost Stories
2978,2019,4,Bawskee 2
2979,2012,4,(III)
2980,2016,4,Amnesty (I)
2981,2013,4,Static
2982,2011,4,Cults
2983,2020,4,BLAME IT ON BABY
2984,2020,4,Afterburner
2985,2016,4,Gore
2986,2010,4,Diamond Eyes
2987,2022,4,GOD DID
2988,2021,4,KHALED KHALED
2989,2019,4,Hot Pink
2990,2020,4,What Could Possibly Go Wrong
2991,2023,4,Sunburn
2992,2016,4,Genesis
2993,2024,4,HARDSTONE PSYCHO
2994,2021,4,Life of a DON
2995,2015,4,Surf
2996,2016,4,Views
2997,2018,4,Scorpion
2998,2017,4,÷ [divide]
2999,2020,4,no future
3000,2018,4,Kamikaze
3001,2024,4,Still
3002,2016,4,The Wilderness
3003,2014,4,The Flesh Prevails
3004,2022,4,Chloë and the Next 20th Century
3005,2011,4,Metals
3006,2015,4,Too
3007,2010,4,Total Life Forever
3008,2020,4,A Hero’s Death
3009,2020,4,Sixteen Oceans
3010,2020,4,Pluto × Baby Pluto
3011,2015,4,When It’s Dark Out
3012,2021,4,Escapades
3013,2020,4,Miss Anthropocene
3014,2019,4,Where Polly People Go to Read
3015,2017,4,Harry Styles
3016,2026,4,"Kiss All the Time. Disco, Occasionally."
3017,2015,4,Eat Pray Thug
3018,2023,4,The Worm
3019,2017,4,No Shame
3020,2010,4,Love Remains
3021,2024,4,Y2K!
3022,2013,4,Ready to Die
3023,2018,4,Marauder
3024,2020,4,That’s What They All Say
3025,2017,4,SYRE
3026,2015,4,Skid Row
3027,2020,4,Act II: The Patents of Nobility (The Turn)
3028,2018,4,Redemption
3029,2012,4,Devotion
3030,2026,4,Mutiny After Midnight
3031,2022,4,SMITHEREENS
3032,2013,4,Law and Order
3033,2021,4,Fighting Demons
3034,2021,4,Little Oblivions
3035,2024,4,Everything I Thought It Was
3036,2018,4,Golden Hour
3037,2024,4,Deeper Well
3038,2019,4,Jesus Is King
3039,2020,4,Smile
3040,2022,4,Get Used to It
3041,2025,4,.
3042,2024,4,A LA SALA
3043,2024,4,INSANO
3044,2016,4,"Passion, Pain & Demon Slayin’"
3045,2017,4,The Ooz
3046,2010,4,Come Around Sundown
3047,2010,4,Surfing the Void
3048,2017,4,Painting Pictures
3049,2016,4,The Serenity of Suffering
3050,2020,4,Dissimulation
3051,2023,4,The Great Escape
3052,2022,4,It’s Only Me
3053,2018,4,"Come Over When You’re Sober, Pt. 2"
3054,2019,4,Harverd Dropout
3055,2020,4,Eternal Atake
3056,2016,4,Lil Uzi Vert vs. the World
3057,2015,4,FWA
3058,2020,4,Funeral
3059,2021,4,Michigan Boy Boat
3060,2025,4,MY FACE HURTS FROM SMILING
3061,2021,4,Solar Power
3062,2016,4,AIM
3063,2011,4,"Hurry Up, We’re Dreaming"
3064,2016,4,The Divine Feminine
3065,2012,4,Floral Shoppe
3066,2016,4,Majid Jordan
3067,2011,4,Simple Math
3068,2017,4,Emperor of Sand
3069,2015,4,Bad Neighbor
3070,2016,4,Dystopia
3071,2022,4,11•11•11
3072,2018,4,Culture II
3073,2020,4,weight of the world
3074,2023,4,Endless Summer Vacation
3075,2012,4,Life Is Good
3076,2022,4,Demons Protected by Angels
3077,2020,4,Mouth Dreams
3078,2023,4,Stick Season
3079,2016,4,Rheia
3080,2012,4,The OF Tape Vol. 2
3081,2025,4,choke enough
3082,2015,4,Panda Bear Meets the Grim Reaper
3083,2018,4,The Scars of Man on the Once Nameless Wilderness I and II
3084,2014,4,Sunbathing Animal
3085,2016,4,PARTYNEXTDOOR 3 (P3)
3086,2025,4,$ome $exy $ongs 4 U
3087,2014,4,Keep You
3088,2014,4,Indie Cindy
3089,2025,4,MUSIC
3090,2021,4,Faith
3091,2023,4,Zig
3092,2024,4,F-1 Trillion
3093,2018,4,A Girl Cried Red
3094,2015,4,another eternity
3095,2018,4,QUAVO HUNCHO
3096,2015,4,700 Fill
3097,2014,4,Indigo Child
3098,2022,4,Unlimited Love
3099,2015,4,Freedom
3100,2016,4,Peach Panther
3101,2016,4,ANTI
3102,2025,4,People Watching
3103,2017,4,The Thrill of It All
3104,2023,4,ÁTTA
3105,2013,4,"Night Time, My Time"
3106,2021,4,Spare Ribs
3107,2014,4,.5: The Gray Chapter
3108,2022,4,"The End, So Far"
3109,2017,4,Slowdive
3110,2018,4,From Gas to Solid / You Are My Friend
3111,2014,4,Z
3112,2018,4,The Last Rocket
3113,2017,4,reputation
3114,2025,4,The Life of a Showgirl
3115,2013,4,Something Else
3116,2012,4,Young & Old
3117,2016,4,"I like it when you sleep, for you are so beautiful yet so unaware of it"
3118,2011,4,Burst Apart
3119,2014,4,Turn Blue
3120,2011,4,When Fish Ride Bicycles
3121,2011,4,The King Is Dead
3122,2010,4,Play It Strange
3123,2012,4,Purple Naked Ladies
3124,2011,4,Blood Pressures
3125,2013,4,New Moon
3126,2019,4,In League With Dragons
3127,2013,4,Trouble Will Find Me
3128,2019,4,I Am Easy to Find
3129,2018,4,The Neighbourhood
3130,2014,4,…and Then You Shoot Your Cousin
3131,2012,4,Zeros
3132,2012,4,Coexist
3133,2018,4,Swell
3134,2015,4,Hyperview
3135,2015,4,The Most Lamentable Tragedy
3136,2019,4,Fear Inoculum
3137,2013,4,Anything in Return
3138,2019,4,A Love Letter to You 4
3139,2023,4,A Love Letter To You 5
3140,2021,4,Pegasus: Neon Shark Vs Pegasus
3141,2015,4,Blurryface
3142,2011,4,Goblin
3143,2014,4,ShadyXV
3144,2015,4,The Album About Nothing
3145,2011,4,Ambition
3146,2014,4,All You Can Do
3147,2015,4,V
3148,2020,4,Saint Cloud
3149,2017,4,Pacific Daydream
3150,2019,4,Weezer [black album]
3151,2022,4,SZNZ: Autumn
3152,2011,4,Ritual
3153,2012,4,Acousmatic Sorcery
3154,2026,4,petal rock black
3155,2021,4,Blue Weekend
3156,2010,4,Portal of Sorrow
3157,2018,4,?
3158,2026,4,BULLY
3159,2022,4,2 Alivë
3160,2022,4,Lyfë
3161,2019,4,Sli’merre
3162,2021,4,"Sincerely, Kentrell"
3163,2014,4,Unknown Memory
3164,2016,4,Mind of Mine
3165,2022,4,Zeal and Ardor
3166,2022,3,Ethereal
3167,2023,3,Welcome 2 Collegrove
3168,2017,3,Issa Album
3169,2018,3,Day69
3170,2020,3,TattleTales
3171,2012,3,Lord$ Never Worry
3172,2010,3,Anika
3173,2013,3,AM
3174,2022,3,The Car
3175,2023,3,WEEDKILLER
3176,2012,3,Into the Future
3177,2011,3,"Different Gear, Still Speeding"
3178,2025,3,American Heart
3179,2012,3,The Only Place
3180,2024,3,POST HUMAN: NeX GEn
3181,2022,3,TM
3182,2026,3,ARIRANG
3183,2015,3,The New CALassic
3184,2011,3,Cerebral Ballzy
3185,2013,3,True Romance
3186,2014,3,Built on Glass
3187,2015,3,Everybody Is Going to Heaven
3188,2012,3,The Stoned Immaculate
3189,2016,3,Not to Disappear
3190,2021,3,Infinite Granite
3191,2020,3,Ohms
3192,2026,3,OCTANE
3193,2020,3,Dark Lane Demo Tapes
3194,2021,3,Certified Lover Boy
3195,2019,3,Care Package
3196,2013,3,Edward Sharpe & The Magnetic Zeros
3197,2021,3,Music to Be Murdered By
3198,2023,3,So Much (for) Stardust
3199,2021,3,Life Rolls On
3200,2015,3,Dealer
3201,2024,3,ten days
3202,2024,3,WE STILL DON’T TRUST YOU
3203,2024,3,MIXTAPE PLUTO
3204,2020,3,High Off Life
3205,2021,3,if i could make it go quiet
3206,2024,3,The Secret of Us
3207,2024,3,Saviors
3208,2016,3,Revolution Radio
3209,2023,3,Starcatcher
3210,2019,3,Sea of Worry
3211,2013,3,Knock Madness
3212,2015,3,Pound Syndrome
3213,2024,3,Might Delete Later
3214,2022,3,Come Home the Kids Miss You
3215,2026,3,Monica
3216,2019,3,ERYS
3217,2011,3,Kills
3218,2021,3,Justice
3219,2018,3,Man of the Woods
3220,2023,3,A Great Chaos
3221,2025,3,More Chaos
3222,2020,3,Mordechai
3223,2016,3,Lil B.I.G. Pac
3224,2012,3,Resolution
3225,2012,3,Born to Die
3226,2011,3,Angels Exodus
3227,2025,3,WHAM
3228,2020,3,Virgo World
3229,2025,3,DOPAMINE
3230,2016,3,The Perfect LUV Tape
3231,2017,3,Luv Is Rage 2
3232,2011,3,Tha Carter IV
3233,2020,3,Lil Boat 3
3234,2021,3,Bobby Tarantino III
3235,2014,3,Reality Testing
3236,2011,3,Lasers
3237,2016,3,Junk
3238,2019,3,Here Comes the Cowboy
3239,2023,3,Five Easy Hot Dogs
3240,2015,3,General Admission
3241,2017,3,Gemini
3242,2019,3,Heard It in a Past Life
3243,2012,3,Born Villain
3244,2022,3,"The Sick, the Dying… and the Dead!"
3245,2026,3,Megadeth
3246,2012,3,Numbers
3247,2012,3,Synthetica
3248,2024,3,Manning Fireworks
3249,2012,3,The 2nd Law
3250,2011,3,Era Extraña
3251,2023,3,Pink Friday 2
3252,2022,3,Cowboy Tears
3253,2023,3,MID AIR
3254,2020,3,Im Wald
3255,2014,3,G I R L
3256,2019,3,The Life of Pi’erre 4
3257,2015,3,Living Fields
3258,2010,3,American Ghetto
3259,2023,3,AUSTIN
3260,2022,3,Twelve Carat Toothache
3261,2026,3,THIS MUSIC MAY CONTAIN HOPE.
3262,2014,3,Atlas
3263,2020,3,New Beginnings
3264,2012,3,"God Forgives, I Don’t"
3265,2022,3,Las Ruinas
3266,2022,3,LIVE LIFE FAST
3267,2018,3,ZOO
3268,2014,3,Green Language
3269,2017,3,Quazarz: Born on a Gangster Star
3270,2023,3,Don’t Get Too Close
3271,2012,3,Welcome to: Our House
3272,2010,3,Treats
3273,2024,3,SOPHIE
3274,2019,3,Apollo XXI
3275,2013,3,Miracle Mile
3276,2020,3,Aporia
3277,2024,3,The Tortured Poets Department
3278,2013,3,Heartthrob
3279,2014,3,Love Death Immortality
3280,2026,3,BEFORE I FORGET
3281,2010,3,"Tomorrow, in a Year"
3282,2012,3,ATUM: A Rock Opera in Three Acts
3283,2016,3,Future Present Past
3284,2011,3,House of Balloons
3285,2013,3,Apocalypse
3286,2024,3,COYOTE
3287,2018,3,Memories Don’t Die
3288,2014,3,Days Before Rodeo
3289,2013,3,Owl Pharaoh
3290,2016,3,Birds in the Trap Sing McKnight
3291,2015,3,Eclipse
3292,2015,3,Disharmony
3293,2018,3,Music Inspired by Illumination & Dr. Seuss’ The Grinch
3294,2015,3,Cherry Bomb
3295,2018,3,"GOOD Job, You Found Me"
3296,2015,3,ARDIPITHECUS
3297,2012,3,WZRD
3298,2024,3,LYFESTYLE
3299,2026,3,ADL
3300,2015,3,Love Story
3301,2021,3,Punk
3302,2025,3,UY SCUTI
3303,2025,3,Jonatan
3304,2016,3,Warlord
3305,2024,2,VULTURES 2
3306,2016,2,Always Strive and Prosper
3307,2013,2,Burials
3308,2025,2,Pink Elephant
3309,2019,2,NINE
3310,2013,2,Cupid Deluxe
3311,2011,2,Camp
3312,2021,2,Music of the Spheres
3313,2024,2,LOVE LASTS FOREVER
3314,2021,2,= [equals]
3315,2017,2,Revival
3316,2014,2,... And Star Power
3317,2014,2,Honest
3318,2017,2,Narkopop
3319,2015,2,"And After That, We Didn’t Talk"
3320,2021,2,The Battle at Garden’s Gate
3321,2019,2,Drip or Drown 2
3322,2024,2,One of Wun
3323,2025,2,2005
3324,2025,2,JACKBOYS 2
3325,2018,2,The Sunset Tapes: A Cool Tape Story
3326,2014,2,Enclosure
3327,2012,2,PBX Funicular Intaglio Zone
3328,2026,2,Piss in the Wind
3329,2021,2,star‐crossed
3330,2024,2,143
3331,2013,2,Indicud
3332,2014,2,Ultraviolence
3333,2015,2,Professional Rapper
3334,2024,2,Eternal Atake 2
3335,2025,2,Tha Carter VI
3336,2018,2,Nuthin’ 2 Prove
3337,2017,2,Teenage Emotions
3338,2023,2,s*x m*ney dr*gs
3339,2023,2,BEN
3340,2023,2,Rush!
3341,2021,2,Culture III
3342,2021,2,The Golden Casket
3343,2024,2,BAD ASS F*CKING KID
3344,2014,2,PARTYNEXTDOOR TWO
3345,2011,2,W
3346,2023,2,Sremm 4 Life
3347,2010,2,King Night
3348,2023,2,Take Me Back to Eden
3349,2025,2,Even in Arcadia
3350,2016,2,Silhouette of a Sunkken City
3351,2025,2,Deadbeat
3352,2023,2,First Two Pages of Frankenstein
3353,2021,2,Scaled and Icy
3354,2010,2,Sex Dreams and Denim Jeans
3355,2016,2,Star Wars Headspace
3356,2018,2,SKINS
3357,2017,2,17
3358,2021,2,DOG BOY
3359,2019,1,93Punx
3360,2018,1,Red Light
3361,2015,1,Instant Gratification
3362,2023,1,If Looks Could Kill
3363,2022,1,NO STYLIST
3364,2023,1,a Gift & a Curse
3365,2024,1,The Great Impersonator
3366,2019,1,Confessions of a Dangerous Mind
3367,2022,1,FLAWLESS LIKE ME
3368,2022,1,MAINSTREAM SELLOUT
3369,2019,1,SHE IS COMING
3370,2015,1,Miley Cyrus & Her Dead Petz
3371,2025,1,I’m the Problem
3372,2025,1,FEAR
3373,2025,1,hickey
3374,2020,1,SOUTHSIDE
3375,2018,1,Swaecation
3376,2020,1,Pegasus
3377,2023,1,Resistance & The Blessing
3378,2019,0,The Big Day
3379,2020,0,Father of All Motherfuckers
3380,2022,0,X
3381,2015,0,Speedin’ Bullet 2 Heaven
3382,2011,0,I’m Gay (I’m Happy)
3383,2024,0,genre : sadboy
3384,2014,0,All Love’s Legal
3385,2021,0,Welcome to the Madhouse
3386,2024,-1,u made me a st4r
3387,2019,-1,Neotheater
3388,2021,-1,For Those That Wish to Exist
3389,2023,-1,Life Is But a Dream…
3390,2017,-1,I’m Brain
3391,2020,-1,Sings Elvis
3392,2019,-1,Father of Asahd
3393,2022,-1,"Honestly, Nevermind"
3394,2023,-1,to whoever wants to hear
3395,2019,-1,No.6 Collaborations Project
3396,2020,-1,Everything’s Strange Here
3397,2020,-1,Dreamland
3398,2018,-1,When Legends Rise
3399,2018,-1,Anthem of the Peaceful Army
3400,2022,-1,DS4EVER
3401,2023,-1,the mockingbird & THE CROW
3402,2019,-1,MCID
3403,2021,-1,The Revenge Of Hobo Johnson
3404,2024,-1,Goodbye Horses
3405,2024,-1,Valedictorian
3406,2018,-1,Origins
3407,2020,-1,ADHD
3408,2020,-1,Changes
3409,2022,-1,Bad Reputation
3410,2020,-1,My Turn
3411,2018,-1,Drip Harder
3412,2024,-1,Penith (The DAVE Soundtrack)
3413,2023,-1,Lil Pump 2
3414,2023,-1,TEC
3415,2019,-1,Supermarket
3416,2020,-1,Tickets to My Downfall
3417,2025,-1,lost americana
3418,2022,-1,Will of the People
3419,2020,-1,Emergency Tsunami
3420,2020,-1,Good Intentions
3421,2019,-1,Bad Habits
3422,2018,-1,RECKLESS
3423,2023,-1,HOPE
3424,2019,-1,Nostalgia Critic’s The Wall
3425,2024,-1,THINK LATER
3426,2024,-1,Like All Before You
3427,2019,-1,!
3428,2019,-1,Bad Vibes Forever
3429,2016,-1,Eternal Grey
3430,2017,-1,Pretty Girls Like Trap Music
3431,2025,-1,High Anxiety
3432,2021,-1,OK Orchestra
3433,2013,-1,Nothing Violates This Nature
3434,2014,-1,Alvvays
3435,2017,-1,in·ter a·li·a
3436,2017,-1,Ether
3437,2015,-1,Dark Sky Paradise
3438,2013,-1,13
3439,2016,-1,MEGA
3440,2019,-1,Cease & Desist
3441,2017,-1,Gone Now
3442,2016,-1,Brain Tentacles
3443,2017,-1,True to Self
3444,2017,-1,"Funk Wav Bounces, Vol. 1"
3445,2017,-1,9
3446,2024,-1,The Rise and Fall of a Midwest Princess
3447,2017,-1,"From A Room, Volume 1"
3448,2013,-1,The Bones of What You Believe
3449,2010,-1,TRON: Legacy
3450,2013,-1,Random Access Memories Memories
3451,2010,-1,Dark Night of the Soul
3452,2016,-1,and the Anonymous Nobody…
3453,2014,-1,niggas on the moon
3454,2016,-1,The Synarchy of Molten Bones
3455,2011,-1,Deerhoof vs. Evil
3456,2016,-1,Give a Glimpse of What Yer Not
3457,2017,-1,Grateful
3458,2018,-1,vertigo
3459,2018,-1,Death in Haiti: Funeral Brass Bands & Sounds from Port au Prince
3460,2018,-1,Freddie
3461,2013,-1,Fuzz
3462,2017,-1,GFOTYBUCKS
3463,2013,-1,Some Say I So I Say Light
3464,2013,-1,Interiors
3465,2024,-1,"“NO TITLE AS OF 13 FEBRUARY 2024 28,340 DEAD”"
3466,2016,-1,Callus
3467,2018,-1,El Gato: The Human Glacier
3468,2020,-1,WUNNA
3469,2013,-1,Unnatural Selection
3470,2017,-1,The Never Story
3471,2013,-1,Howlin
3472,2013,-1,My Grandmas Basement
3473,2014,-1,The Voyager
3474,2015,-1,"Well, I Should Have…*"
3475,2025,-1,I LAY DOWN MY LIFE FOR YOU
3476,2025,-1,Overly Dedicated
3477,2018,-1,TOTEP
3478,2011,-1,Born This Way
3479,2018,-1,Platinum Flame
3480,2018,-1,Life of a Dark Rose
3481,2021,-1,Still Sucks
3482,2011,-1,Gold Cobra
3483,2013,-1,Pure Heroine
3484,2023,-1,One Wayne G
3485,2012,-1,Macadelic
3486,2013,-1,Seasons of Your Day
3487,2023,-1,PORTALS
3488,2016,-1,MM3
3489,2013,-1,Cold Spring Fault Less Youth
3490,2011,-1,Lost in Translation
3491,2025,-1,OMW2 REXDALE
3492,2015,-1,Pomegranates
3493,2017,-1,"To Syria, with Love"
3494,2013,-1,Abandon
3495,2017,-1,A Hairshirt of Purpose
3496,2017,-1,Pink Season
3497,2014,-1,Pink Guy
3498,2017,-1,Woodstock
3499,2016,-1,August 26th
3500,2013,-1,Manifest Decimation
3501,2013,-1,More Light
3502,2017,-1,"Control the Streets, Vol. 1"
3503,2018,-1,Crush
3504,2018,-1,Dear Annie
3505,2018,-1,Pop Music
3506,2014,-1,Mastermind
3507,2016,-1,Waking at Dawn
3508,2018,-1,Plague Transmissions: Vol. I
3509,2015,-1,Meow the Jewels
3510,2018,-1,CARE FOR ME
3511,2013,-1,Sadsic
3512,2013,-1,Kveikur
3513,2017,-1,Neva Left
3514,2021,-1,The Future Bites
3515,2012,-1,Silver & Gold
3516,2023,-1,1989 (Taylor’s version)
3517,2021,-1,Red (Taylor’s version)
3518,2021,-1,Fearless (Taylor’s version)
3519,2013,-1,Uncanney Valley
3520,2012,-1,The Flaming Lips and Heady Fwends
3521,2017,-1,Bodyguard
3522,2014,-1,Disgraceland
3523,2011,-1,undun
3524,2016,-1,An Odd Entrances
3525,2011,-1,Timez Are Weird These Days
3526,2016,-1,Sweatbox Dynasty
3527,2017,-1,Boo Boo
3528,2020,-1,Shadow Work
3529,2016,-1,Campaign
3530,2019,-1,Now That’s What I Call Music Vol. 63
3531,2017,-1,SHINE
3532,2022,-1,Country Stuff the Album
3533,2017,-1,You’re Welcome
3534,2014,-1,My Krazy Life
3535,2013,-1,Unknown Death 2002
3536,2025,-1,ALBUM
